Subj_idx,Stimulus,Response,Confidence,Peak_Velocity,Accuracy,Task
1,-1,-1,50,0.2,1,roll
1,1,1,100,7,1,roll
1,1,-1,70,0.9,0,roll
1,-1,1,60,0.9,0,roll
1,1,1,55,0.5,1,roll
1,1,-1,55,0.9,0,roll
1,-1,-1,80,2,1,roll
1,1,1,90,2,1,roll
1,1,-1,60,0.9,0,roll
1,1,1,55,0.5,1,roll
1,-1,-1,55,0.9,1,roll
1,-1,-1,85,2,1,roll
1,1,1,55,0.9,1,roll
1,1,1,90,4,1,roll
1,-1,-1,80,0.9,1,roll
1,1,1,85,2,1,roll
1,1,1,100,2,1,roll
1,1,-1,50,0.5,0,roll
1,1,1,90,2,1,roll
1,-1,1,55,0.2,0,roll
1,-1,-1,60,2,1,roll
1,-1,-1,70,0.9,1,roll
1,-1,-1,55,0.5,1,roll
1,-1,1,55,0.5,0,roll
1,1,1,50,0.5,1,roll
1,1,1,80,0.9,1,roll
1,1,1,100,7,1,roll
1,1,1,80,0.9,1,roll
1,-1,-1,100,2,1,roll
1,-1,1,65,0.9,0,roll
1,1,1,70,0.9,1,roll
1,1,1,70,0.9,1,roll
1,1,1,50,0.2,1,roll
1,-1,-1,55,0.5,1,roll
1,1,1,50,0.9,1,roll
1,-1,-1,60,0.5,1,roll
1,1,1,90,2,1,roll
1,-1,-1,100,2,1,roll
1,1,1,70,0.5,1,roll
1,1,1,80,2,1,roll
1,1,1,70,4,1,roll
1,-1,-1,80,2,1,roll
1,-1,-1,80,2,1,roll
1,-1,-1,55,0.2,1,roll
1,-1,1,50,0.5,0,roll
1,-1,-1,75,0.5,1,roll
1,-1,-1,50,0.9,1,roll
1,1,1,90,4,1,roll
1,1,1,60,0.9,1,roll
1,-1,-1,90,4,1,roll
1,-1,-1,90,0.9,1,roll
1,1,1,90,2,1,roll
1,1,1,70,0.9,1,roll
1,-1,-1,70,2,1,roll
1,-1,1,55,0.5,0,roll
1,1,1,55,0.5,1,roll
1,-1,-1,85,7,1,roll
1,1,1,100,2,1,roll
1,1,1,100,4,1,roll
1,1,1,90,2,1,roll
1,-1,-1,70,2,1,roll
1,-1,-1,100,7,1,roll
1,1,1,100,4,1,roll
1,1,1,70,2,1,roll
1,-1,-1,90,4,1,roll
1,-1,-1,95,2,1,roll
1,-1,-1,60,0.5,1,roll
1,-1,-1,55,0.9,1,roll
1,1,1,70,0.5,1,roll
1,1,1,80,0.9,1,roll
1,-1,-1,60,0.9,1,roll
1,1,-1,55,0.5,0,roll
1,1,1,55,2,1,roll
1,-1,-1,60,2,1,roll
1,1,1,55,0.2,1,roll
1,1,-1,55,2,0,roll
1,1,-1,55,0.9,0,roll
1,-1,-1,80,0.9,1,roll
1,-1,-1,90,2,1,roll
1,-1,1,60,2,0,roll
1,1,1,60,0.9,1,roll
1,-1,-1,55,0.5,1,roll
1,1,1,70,2,1,roll
1,-1,1,50,0.9,0,roll
1,-1,-1,55,0.5,1,roll
1,1,-1,60,0.5,0,roll
1,-1,-1,60,0.9,1,roll
1,1,1,85,2,1,roll
1,1,1,65,0.9,1,roll
1,1,1,100,4,1,roll
1,-1,-1,100,7,1,roll
1,-1,-1,90,2,1,roll
1,1,-1,55,0.9,0,roll
1,1,1,60,2,1,roll
1,1,1,80,2,1,roll
1,1,1,100,4,1,roll
1,-1,-1,60,0.9,1,roll
1,-1,-1,100,4,1,roll
1,1,1,55,0.5,1,roll
1,1,1,50,0.9,1,roll
1,1,1,60,0.2,1,pitch
1,-1,-1,90,7,1,pitch
1,-1,-1,60,0.9,1,pitch
1,1,-1,75,0.9,0,pitch
1,-1,1,50,0.5,0,pitch
1,-1,-1,60,0.9,1,pitch
1,1,1,90,2,1,pitch
1,-1,-1,85,2,1,pitch
1,-1,-1,80,0.9,1,pitch
1,-1,1,55,0.5,0,pitch
1,1,1,55,0.9,1,pitch
1,1,1,75,2,1,pitch
1,-1,-1,70,0.9,1,pitch
1,-1,-1,90,4,1,pitch
1,1,1,55,0.9,1,pitch
1,-1,1,65,2,0,pitch
1,-1,-1,60,2,1,pitch
1,-1,-1,50,0.5,1,pitch
1,-1,-1,60,2,1,pitch
1,1,1,50,0.2,1,pitch
1,1,1,60,2,1,pitch
1,1,1,60,0.9,1,pitch
1,1,1,50,0.5,1,pitch
1,1,-1,55,0.5,0,pitch
1,-1,-1,50,0.5,1,pitch
1,-1,1,55,0.9,0,pitch
1,-1,-1,90,7,1,pitch
1,-1,-1,60,0.9,1,pitch
1,1,1,95,2,1,pitch
1,1,1,80,0.9,1,pitch
1,-1,1,60,0.9,0,pitch
1,-1,-1,60,0.9,1,pitch
1,-1,1,50,0.2,0,pitch
1,1,1,55,0.5,1,pitch
1,-1,-1,55,0.9,1,pitch
1,1,1,65,0.5,1,pitch
1,-1,-1,80,2,1,pitch
1,1,1,90,2,1,pitch
1,-1,-1,60,0.5,1,pitch
1,-1,1,55,2,0,pitch
1,-1,-1,80,4,1,pitch
1,1,1,60,2,1,pitch
1,1,1,80,2,1,pitch
1,1,1,50,0.2,1,pitch
1,1,-1,50,0.5,0,pitch
1,1,-1,50,0.5,0,pitch
1,1,1,80,0.9,1,pitch
1,-1,-1,100,4,1,pitch
1,-1,1,55,0.9,0,pitch
1,1,1,100,4,1,pitch
1,1,1,50,0.9,1,pitch
1,-1,-1,80,2,1,pitch
1,-1,-1,70,0.9,1,pitch
1,1,1,90,2,1,pitch
1,1,-1,60,0.5,0,pitch
1,-1,-1,50,0.5,1,pitch
1,1,1,100,7,1,pitch
1,-1,-1,90,2,1,pitch
1,-1,-1,95,4,1,pitch
1,-1,1,60,2,0,pitch
1,1,-1,60,2,0,pitch
1,1,1,100,7,1,pitch
1,-1,-1,70,4,1,pitch
1,-1,-1,90,2,1,pitch
1,1,1,90,4,1,pitch
1,1,1,90,2,1,pitch
1,1,1,50,0.5,1,pitch
1,1,-1,55,0.9,0,pitch
1,-1,-1,50,0.5,1,pitch
1,-1,-1,60,0.9,1,pitch
1,1,1,60,0.9,1,pitch
1,-1,1,55,0.5,0,pitch
1,-1,-1,55,2,1,pitch
1,1,1,80,2,1,pitch
1,-1,-1,60,0.2,1,pitch
1,-1,1,50,2,0,pitch
1,-1,-1,80,0.9,1,pitch
1,1,-1,70,0.9,0,pitch
1,1,1,70,2,1,pitch
1,1,1,95,2,1,pitch
1,-1,-1,60,0.9,1,pitch
1,1,1,60,0.5,1,pitch
1,-1,1,50,2,0,pitch
1,1,-1,60,0.9,0,pitch
1,1,1,70,0.5,1,pitch
1,-1,1,60,0.5,0,pitch
1,1,1,55,0.9,1,pitch
1,-1,-1,80,2,1,pitch
1,-1,-1,80,0.9,1,pitch
1,-1,-1,90,4,1,pitch
1,1,1,100,7,1,pitch
1,1,1,100,2,1,pitch
1,-1,-1,55,0.9,1,pitch
1,-1,-1,75,2,1,pitch
1,-1,-1,60,2,1,pitch
1,-1,-1,90,4,1,pitch
1,1,1,65,0.9,1,pitch
1,1,1,95,4,1,pitch
1,-1,-1,60,0.5,1,pitch
1,-1,1,55,0.9,0,pitch
2,1,1,50,0.2,1,pitch
2,-1,-1,70,7,1,pitch
2,-1,-1,60,0.9,1,pitch
2,1,-1,50,0.9,0,pitch
2,-1,-1,65,0.5,1,pitch
2,-1,-1,65,0.9,1,pitch
2,1,1,70,2,1,pitch
2,-1,-1,90,2,1,pitch
2,-1,-1,70,0.9,1,pitch
2,-1,-1,65,0.5,1,pitch
2,1,-1,50,0.9,0,pitch
2,1,1,65,2,1,pitch
2,-1,1,50,0.9,0,pitch
2,-1,-1,65,4,1,pitch
2,1,1,65,0.9,1,pitch
2,-1,-1,75,2,1,pitch
2,-1,-1,75,2,1,pitch
2,-1,1,50,0.5,0,pitch
2,-1,-1,55,2,1,pitch
2,1,1,65,0.2,1,pitch
2,1,1,75,2,1,pitch
2,1,1,75,0.9,1,pitch
2,1,-1,55,0.5,0,pitch
2,1,1,65,0.5,1,pitch
2,-1,-1,65,0.5,1,pitch
2,-1,1,55,0.9,0,pitch
2,-1,-1,100,7,1,pitch
2,-1,-1,80,0.9,1,pitch
2,1,1,80,2,1,pitch
2,1,-1,65,0.9,0,pitch
2,-1,-1,75,0.9,1,pitch
2,-1,1,50,0.9,0,pitch
2,-1,1,50,0.2,0,pitch
2,1,1,60,0.5,1,pitch
2,-1,-1,75,0.9,1,pitch
2,1,1,70,0.5,1,pitch
2,-1,-1,75,2,1,pitch
2,1,1,90,2,1,pitch
2,-1,-1,55,0.5,1,pitch
2,-1,-1,60,2,1,pitch
2,-1,-1,90,4,1,pitch
2,1,1,90,2,1,pitch
2,1,1,80,2,1,pitch
2,1,-1,65,0.2,0,pitch
2,1,1,65,0.5,1,pitch
2,1,-1,50,0.5,0,pitch
2,1,1,60,0.9,1,pitch
2,-1,-1,80,4,1,pitch
2,-1,-1,75,0.9,1,pitch
2,1,1,75,4,1,pitch
2,1,1,75,0.9,1,pitch
2,-1,-1,80,2,1,pitch
2,-1,-1,55,0.9,1,pitch
2,1,1,70,2,1,pitch
2,1,1,50,0.5,1,pitch
2,-1,1,55,0.5,0,pitch
2,1,1,100,7,1,pitch
2,-1,1,65,2,0,pitch
2,-1,-1,55,4,1,pitch
2,-1,-1,85,2,1,pitch
2,1,1,90,2,1,pitch
2,1,1,100,7,1,pitch
2,-1,-1,90,4,1,pitch
2,-1,-1,60,2,1,pitch
2,1,1,95,4,1,pitch
2,1,1,95,2,1,pitch
2,1,1,60,0.5,1,pitch
2,1,1,90,0.9,1,pitch
2,-1,1,50,0.5,0,pitch
2,-1,-1,75,0.9,1,pitch
2,1,1,75,0.9,1,pitch
2,-1,1,65,0.5,0,pitch
2,-1,-1,70,2,1,pitch
2,1,1,80,2,1,pitch
2,-1,-1,50,0.2,1,pitch
2,-1,1,90,2,0,pitch
2,-1,-1,65,0.9,1,pitch
2,1,-1,50,0.9,0,pitch
2,1,1,80,2,1,pitch
2,1,1,85,2,1,pitch
2,-1,-1,70,0.9,1,pitch
2,1,1,70,0.5,1,pitch
2,-1,-1,65,2,1,pitch
2,1,1,65,0.9,1,pitch
2,1,1,55,0.5,1,pitch
2,-1,-1,50,0.5,1,pitch
2,1,1,55,0.9,1,pitch
2,-1,-1,75,2,1,pitch
2,-1,-1,65,0.9,1,pitch
2,-1,-1,100,4,1,pitch
2,1,1,100,7,1,pitch
2,1,1,95,2,1,pitch
2,-1,-1,65,0.9,1,pitch
2,-1,-1,55,2,1,pitch
2,-1,-1,75,2,1,pitch
2,-1,-1,100,4,1,pitch
2,1,1,80,0.9,1,pitch
2,1,1,100,4,1,pitch
2,-1,-1,65,0.5,1,pitch
2,-1,-1,65,0.9,1,pitch
2,-1,1,65,0.2,0,roll
2,1,1,100,7,1,roll
2,1,1,80,0.9,1,roll
2,-1,-1,50,0.9,1,roll
2,1,-1,50,0.5,0,roll
2,1,1,60,0.9,1,roll
2,-1,1,50,2,0,roll
2,1,1,70,2,1,roll
2,1,1,90,0.9,1,roll
2,1,1,50,0.5,1,roll
2,-1,1,60,0.9,0,roll
2,-1,1,60,2,0,roll
2,1,1,50,0.9,1,roll
2,1,1,75,4,1,roll
2,-1,1,50,0.9,0,roll
2,1,1,100,2,1,roll
2,1,1,100,2,1,roll
2,1,1,80,0.5,1,roll
2,1,1,70,2,1,roll
2,-1,1,60,0.2,0,roll
2,-1,-1,100,2,1,roll
2,-1,-1,100,0.9,1,roll
2,-1,-1,60,0.5,1,roll
2,-1,-1,60,0.5,1,roll
2,1,1,70,0.5,1,roll
2,1,1,90,0.9,1,roll
2,1,1,100,7,1,roll
2,1,1,100,0.9,1,roll
2,-1,-1,100,2,1,roll
2,-1,-1,60,0.9,1,roll
2,1,1,80,0.9,1,roll
2,1,1,80,0.9,1,roll
2,1,1,55,0.2,1,roll
2,-1,1,55,0.5,0,roll
2,1,1,70,0.9,1,roll
2,-1,-1,70,0.5,1,roll
2,1,1,80,2,1,roll
2,-1,-1,65,2,1,roll
2,1,1,50,0.5,1,roll
2,1,1,100,2,1,roll
2,1,1,100,4,1,roll
2,-1,-1,100,2,1,roll
2,-1,-1,100,2,1,roll
2,-1,-1,80,0.2,1,roll
2,-1,-1,60,0.5,1,roll
2,-1,-1,60,0.5,1,roll
2,-1,-1,60,0.9,1,roll
2,1,1,90,4,1,roll
2,1,1,70,0.9,1,roll
2,-1,-1,100,4,1,roll
2,-1,-1,70,0.9,1,roll
2,1,1,90,2,1,roll
2,1,1,60,0.9,1,roll
2,-1,-1,100,2,1,roll
2,-1,-1,65,0.5,1,roll
2,1,1,55,0.5,1,roll
2,-1,-1,100,7,1,roll
2,1,1,100,2,1,roll
2,1,1,100,4,1,roll
2,1,1,100,2,1,roll
2,-1,-1,70,2,1,roll
2,-1,-1,100,7,1,roll
2,1,1,100,4,1,roll
2,1,1,80,2,1,roll
2,-1,-1,100,4,1,roll
2,-1,-1,100,2,1,roll
2,-1,-1,60,0.5,1,roll
2,-1,-1,75,0.9,1,roll
2,1,-1,50,0.5,0,roll
2,1,1,80,0.9,1,roll
2,-1,-1,75,0.9,1,roll
2,1,1,75,0.5,1,roll
2,1,-1,65,2,0,roll
2,-1,-1,100,2,1,roll
2,1,1,50,0.2,1,roll
2,1,1,100,2,1,roll
2,1,1,75,0.9,1,roll
2,-1,1,65,0.9,0,roll
2,-1,1,60,2,0,roll
2,-1,-1,80,2,1,roll
2,1,1,75,0.9,1,roll
2,-1,1,50,0.5,0,roll
2,1,1,100,2,1,roll
2,-1,-1,80,0.9,1,roll
2,-1,-1,70,0.5,1,roll
2,1,1,70,0.5,1,roll
2,-1,-1,60,0.9,1,roll
2,1,1,90,2,1,roll
2,1,1,65,0.9,1,roll
2,1,1,100,4,1,roll
2,-1,-1,100,7,1,roll
2,-1,-1,65,2,1,roll
2,1,1,60,0.9,1,roll
2,1,1,75,2,1,roll
2,1,1,80,2,1,roll
2,1,1,95,4,1,roll
2,-1,-1,65,0.9,1,roll
2,-1,-1,90,4,1,roll
2,1,-1,50,0.5,0,roll
2,1,1,70,0.9,1,roll
2,1,1,50,0.2,1,yaw
2,-1,-1,75,7,1,yaw
2,-1,-1,65,0.9,1,yaw
2,1,1,60,0.9,1,yaw
2,-1,1,50,0.5,0,yaw
2,-1,-1,60,0.9,1,yaw
2,1,1,70,2,1,yaw
2,-1,-1,80,2,1,yaw
2,-1,-1,50,0.9,1,yaw
2,-1,-1,60,0.5,1,yaw
2,1,1,70,0.9,1,yaw
2,1,1,70,2,1,yaw
2,-1,-1,75,0.9,1,yaw
2,-1,-1,75,4,1,yaw
2,1,1,60,0.9,1,yaw
2,-1,1,60,2,0,yaw
2,-1,1,50,2,0,yaw
2,-1,1,50,0.5,0,yaw
2,-1,1,50,2,0,yaw
2,1,1,50,0.2,1,yaw
2,1,1,80,2,1,yaw
2,1,1,60,0.9,1,yaw
2,1,1,50,0.5,1,yaw
2,1,1,50,0.5,1,yaw
2,-1,1,65,0.5,0,yaw
2,-1,-1,60,0.9,1,yaw
2,-1,-1,100,7,1,yaw
2,-1,-1,70,0.9,1,yaw
2,1,1,90,2,1,yaw
2,1,1,75,0.9,1,yaw
2,-1,1,75,0.9,0,yaw
2,-1,-1,60,0.9,1,yaw
2,-1,-1,55,0.2,1,yaw
2,1,1,75,0.5,1,yaw
2,-1,-1,70,0.9,1,yaw
2,1,-1,65,0.5,0,yaw
2,-1,-1,80,2,1,yaw
2,1,-1,70,2,0,yaw
2,-1,-1,70,0.5,1,yaw
2,-1,-1,50,2,1,yaw
2,-1,-1,75,4,1,yaw
2,1,1,60,2,1,yaw
2,1,1,65,2,1,yaw
2,1,1,50,0.2,1,yaw
2,1,1,60,0.5,1,yaw
2,1,1,50,0.5,1,yaw
2,1,1,75,0.9,1,yaw
2,-1,-1,100,4,1,yaw
2,-1,-1,80,0.9,1,yaw
2,1,1,100,4,1,yaw
2,1,1,70,0.9,1,yaw
2,-1,-1,90,2,1,yaw
2,-1,-1,50,0.9,1,yaw
2,1,1,95,2,1,yaw
2,1,1,70,0.5,1,yaw
2,-1,-1,70,0.5,1,yaw
2,1,1,100,7,1,yaw
2,-1,1,50,2,0,yaw
2,-1,-1,90,4,1,yaw
2,-1,-1,100,2,1,yaw
2,1,1,75,2,1,yaw
2,1,1,100,7,1,yaw
2,-1,1,65,4,0,yaw
2,-1,-1,60,2,1,yaw
2,1,1,100,4,1,yaw
2,1,1,90,2,1,yaw
2,1,1,50,0.5,1,yaw
2,1,1,75,0.9,1,yaw
2,-1,1,65,0.5,0,yaw
2,-1,-1,50,0.9,1,yaw
2,1,1,55,0.9,1,yaw
2,-1,-1,65,0.5,1,yaw
2,-1,-1,75,2,1,yaw
2,1,1,75,2,1,yaw
2,-1,1,50,0.2,0,yaw
2,-1,-1,70,2,1,yaw
2,-1,-1,65,0.9,1,yaw
2,1,1,65,0.9,1,yaw
2,1,-1,50,2,0,yaw
2,1,1,60,2,1,yaw
2,-1,-1,50,0.9,1,yaw
2,1,-1,55,0.5,0,yaw
2,-1,-1,65,2,1,yaw
2,1,1,55,0.9,1,yaw
2,1,1,50,0.5,1,yaw
2,-1,-1,60,0.5,1,yaw
2,1,1,65,0.9,1,yaw
2,-1,-1,75,2,1,yaw
2,-1,-1,65,0.9,1,yaw
2,-1,-1,100,4,1,yaw
2,1,1,100,7,1,yaw
2,1,1,80,2,1,yaw
2,-1,1,55,0.9,0,yaw
2,-1,-1,55,2,1,yaw
2,-1,-1,50,2,1,yaw
2,-1,-1,70,4,1,yaw
2,1,-1,60,0.9,0,yaw
2,1,-1,55,4,0,yaw
2,-1,1,50,0.5,0,yaw
2,-1,-1,50,0.9,1,yaw
3,-1,-1,50,0.2,1,roll
3,1,1,95,7,1,roll
3,1,-1,50,0.9,0,roll
3,-1,1,50,0.9,0,roll
3,1,1,65,0.5,1,roll
3,1,1,65,0.9,1,roll
3,-1,-1,70,2,1,roll
3,1,1,75,2,1,roll
3,1,-1,55,0.9,0,roll
3,1,1,55,0.5,1,roll
3,-1,-1,50,0.9,1,roll
3,-1,-1,80,2,1,roll
3,1,1,70,0.9,1,roll
3,1,1,95,4,1,roll
3,-1,-1,65,0.9,1,roll
3,1,1,85,2,1,roll
3,1,1,75,2,1,roll
3,1,1,50,0.5,1,roll
3,1,1,90,2,1,roll
3,-1,-1,55,0.2,1,roll
3,-1,-1,85,2,1,roll
3,-1,-1,60,0.9,1,roll
3,-1,-1,50,0.5,1,roll
3,-1,-1,50,0.5,1,roll
3,1,-1,50,0.5,0,roll
3,1,1,50,0.9,1,roll
3,1,1,90,7,1,roll
3,1,1,70,0.9,1,roll
3,-1,-1,90,2,1,roll
3,-1,-1,75,0.9,1,roll
3,1,1,70,0.9,1,roll
3,1,1,65,0.9,1,roll
3,1,1,50,0.2,1,roll
3,-1,-1,50,0.5,1,roll
3,1,1,65,0.9,1,roll
3,-1,-1,50,0.5,1,roll
3,1,1,80,2,1,roll
3,-1,-1,90,2,1,roll
3,1,1,65,0.5,1,roll
3,1,1,85,2,1,roll
3,1,1,90,4,1,roll
3,-1,-1,90,2,1,roll
3,-1,-1,75,2,1,roll
3,-1,-1,55,0.2,1,roll
3,-1,-1,50,0.5,1,roll
3,-1,-1,55,0.5,1,roll
3,-1,-1,60,0.9,1,roll
3,1,1,90,4,1,roll
3,1,1,55,0.9,1,roll
3,-1,-1,90,4,1,roll
3,-1,-1,75,0.9,1,roll
3,1,1,90,2,1,roll
3,1,1,75,0.9,1,roll
3,-1,-1,95,2,1,roll
3,-1,-1,50,0.5,1,roll
3,1,1,50,0.5,1,roll
3,-1,-1,100,7,1,roll
3,1,1,85,2,1,roll
3,1,1,90,4,1,roll
3,1,1,80,2,1,roll
3,-1,1,55,2,0,roll
3,-1,-1,100,7,1,roll
3,1,1,95,4,1,roll
3,1,1,75,2,1,roll
3,-1,-1,95,4,1,roll
3,-1,NaN,NaN,2,NaN,roll
3,-1,-1,50,0.5,1,roll
3,-1,-1,50,0.9,1,roll
3,1,-1,50,0.5,0,roll
3,1,-1,50,0.9,0,roll
3,-1,1,50,0.9,0,roll
3,1,1,50,0.5,1,roll
3,1,1,65,2,1,roll
3,-1,-1,85,2,1,roll
3,1,1,50,0.2,1,roll
3,1,1,80,2,1,roll
3,1,1,75,0.9,1,roll
3,-1,1,50,0.9,0,roll
3,-1,-1,65,2,1,roll
3,-1,-1,70,2,1,roll
3,1,1,55,0.9,1,roll
3,-1,1,50,0.5,0,roll
3,1,1,75,2,1,roll
3,-1,-1,65,0.9,1,roll
3,-1,-1,55,0.5,1,roll
3,1,1,50,0.5,1,roll
3,-1,-1,50,0.9,1,roll
3,1,1,60,2,1,roll
3,1,1,50,0.9,1,roll
3,1,1,80,4,1,roll
3,-1,-1,100,7,1,roll
3,-1,-1,65,2,1,roll
3,1,1,70,0.9,1,roll
3,1,1,75,2,1,roll
3,1,1,65,2,1,roll
3,1,1,95,4,1,roll
3,-1,-1,50,0.9,1,roll
3,-1,-1,90,4,1,roll
3,1,-1,50,0.5,0,roll
3,1,-1,50,0.9,0,roll
3,1,1,50,0.2,1,pitch
3,-1,-1,80,7,1,pitch
3,-1,-1,70,0.9,1,pitch
3,1,1,65,0.9,1,pitch
3,-1,-1,50,0.5,1,pitch
3,-1,-1,55,0.9,1,pitch
3,1,1,65,2,1,pitch
3,-1,-1,75,2,1,pitch
3,-1,-1,60,0.9,1,pitch
3,-1,1,50,0.5,0,pitch
3,1,-1,50,0.9,0,pitch
3,1,1,65,2,1,pitch
3,-1,-1,55,0.9,1,pitch
3,-1,-1,95,4,1,pitch
3,1,1,80,0.9,1,pitch
3,-1,-1,70,2,1,pitch
3,-1,-1,80,2,1,pitch
3,-1,1,50,0.5,0,pitch
3,-1,-1,85,2,1,pitch
3,1,1,55,0.2,1,pitch
3,1,1,75,2,1,pitch
3,1,1,65,0.9,1,pitch
3,1,1,50,0.5,1,pitch
3,1,1,55,0.5,1,pitch
3,-1,-1,50,0.5,1,pitch
3,-1,-1,55,0.9,1,pitch
3,-1,-1,100,7,1,pitch
3,-1,-1,80,0.9,1,pitch
3,1,1,85,2,1,pitch
3,1,1,75,0.9,1,pitch
3,-1,-1,75,0.9,1,pitch
3,-1,-1,60,0.9,1,pitch
3,-1,1,50,0.2,0,pitch
3,1,-1,50,0.5,0,pitch
3,-1,1,50,0.9,0,pitch
3,1,-1,50,0.5,0,pitch
3,-1,1,55,2,0,pitch
3,1,1,55,2,1,pitch
3,-1,-1,50,0.5,1,pitch
3,-1,-1,65,2,1,pitch
3,-1,-1,80,4,1,pitch
3,1,1,85,2,1,pitch
3,1,-1,55,2,0,pitch
3,1,1,50,0.2,1,pitch
3,1,-1,50,0.5,0,pitch
3,1,1,50,0.5,1,pitch
3,1,1,55,0.9,1,pitch
3,-1,-1,70,4,1,pitch
3,-1,-1,60,0.9,1,pitch
3,1,1,85,4,1,pitch
3,1,1,75,0.9,1,pitch
3,-1,-1,75,2,1,pitch
3,-1,-1,50,0.9,1,pitch
3,1,1,65,2,1,pitch
3,1,1,50,0.5,1,pitch
3,-1,-1,50,0.5,1,pitch
3,1,1,100,7,1,pitch
3,-1,-1,85,2,1,pitch
3,-1,-1,95,4,1,pitch
3,-1,-1,85,2,1,pitch
3,1,1,75,2,1,pitch
3,1,1,95,7,1,pitch
3,-1,-1,90,4,1,pitch
3,-1,-1,50,2,1,pitch
3,1,1,80,4,1,pitch
3,1,1,75,2,1,pitch
3,1,1,55,0.5,1,pitch
3,1,1,55,0.9,1,pitch
3,-1,-1,55,0.5,1,pitch
3,-1,-1,50,0.9,1,pitch
3,1,1,55,0.9,1,pitch
3,-1,-1,50,0.5,1,pitch
3,-1,-1,50,2,1,pitch
3,1,1,55,2,1,pitch
3,-1,1,50,0.2,0,pitch
3,-1,-1,65,2,1,pitch
3,-1,-1,55,0.9,1,pitch
3,1,1,50,0.9,1,pitch
3,1,1,65,2,1,pitch
3,1,1,70,2,1,pitch
3,-1,-1,55,0.9,1,pitch
3,1,-1,50,0.5,0,pitch
3,-1,-1,50,2,1,pitch
3,1,1,60,0.9,1,pitch
3,1,-1,50,0.5,0,pitch
3,-1,-1,50,0.5,1,pitch
3,1,1,50,0.9,1,pitch
3,-1,-1,65,2,1,pitch
3,-1,-1,60,0.9,1,pitch
3,-1,-1,80,4,1,pitch
3,1,1,95,7,1,pitch
3,1,1,85,2,1,pitch
3,-1,1,65,0.9,0,pitch
3,-1,1,50,2,0,pitch
3,-1,-1,50,2,1,pitch
3,-1,-1,85,4,1,pitch
3,1,1,75,0.9,1,pitch
3,1,1,100,4,1,pitch
3,-1,1,50,0.5,0,pitch
3,-1,-1,50,0.9,1,pitch
3,1,-1,50,0.2,0,yaw
3,-1,-1,90,7,1,yaw
3,-1,1,50,0.9,0,yaw
3,1,1,55,0.9,1,yaw
3,-1,-1,50,0.5,1,yaw
3,-1,1,50,0.9,0,yaw
3,1,1,65,2,1,yaw
3,-1,-1,55,2,1,yaw
3,-1,1,50,0.9,0,yaw
3,-1,-1,50,0.5,1,yaw
3,1,1,50,0.9,1,yaw
3,1,1,50,2,1,yaw
3,-1,-1,55,0.9,1,yaw
3,-1,-1,80,4,1,yaw
3,1,1,70,0.9,1,yaw
3,-1,-1,80,2,1,yaw
3,-1,-1,55,2,1,yaw
3,-1,-1,50,0.5,1,yaw
3,-1,1,50,2,0,yaw
3,1,-1,50,0.2,0,yaw
3,1,-1,50,2,0,yaw
3,1,1,50,0.9,1,yaw
3,1,-1,50,0.5,0,yaw
3,1,1,50,0.5,1,yaw
3,-1,-1,50,0.5,1,yaw
3,-1,-1,60,0.9,1,yaw
3,-1,-1,85,7,1,yaw
3,-1,-1,60,0.9,1,yaw
3,1,1,85,2,1,yaw
3,1,1,50,0.9,1,yaw
3,-1,-1,70,0.9,1,yaw
3,-1,-1,50,0.9,1,yaw
3,-1,1,50,0.2,0,yaw
3,1,-1,50,0.5,0,yaw
3,-1,-1,60,0.9,1,yaw
3,1,-1,50,0.5,0,yaw
3,-1,-1,85,2,1,yaw
3,1,1,50,2,1,yaw
3,-1,-1,50,0.5,1,yaw
3,-1,-1,60,2,1,yaw
3,-1,-1,90,4,1,yaw
3,1,1,55,2,1,yaw
3,1,1,55,2,1,yaw
3,1,-1,50,0.2,0,yaw
3,1,1,50,0.5,1,yaw
3,1,-1,50,0.5,0,yaw
3,1,1,50,0.9,1,yaw
3,-1,-1,90,4,1,yaw
3,-1,1,50,0.9,0,yaw
3,1,1,100,4,1,yaw
3,1,1,70,0.9,1,yaw
3,-1,-1,55,2,1,yaw
3,-1,-1,50,0.9,1,yaw
3,1,1,55,2,1,yaw
3,1,-1,50,0.5,0,yaw
3,-1,1,50,0.5,0,yaw
3,1,1,90,7,1,yaw
3,-1,-1,80,2,1,yaw
3,-1,-1,80,4,1,yaw
3,-1,1,50,2,0,yaw
3,1,1,50,2,1,yaw
3,1,1,90,7,1,yaw
3,-1,-1,80,4,1,yaw
3,-1,-1,55,2,1,yaw
3,1,1,90,4,1,yaw
3,1,1,85,2,1,yaw
3,1,-1,50,0.5,0,yaw
3,1,1,50,0.9,1,yaw
3,-1,-1,50,0.5,1,yaw
3,-1,1,50,0.9,0,yaw
3,1,1,60,0.9,1,yaw
3,-1,-1,50,0.5,1,yaw
3,-1,-1,50,2,1,yaw
3,1,1,75,2,1,yaw
3,-1,1,50,0.2,0,yaw
3,-1,-1,50,2,1,yaw
3,-1,1,50,0.9,0,yaw
3,1,-1,50,0.9,0,yaw
3,1,1,50,2,1,yaw
3,1,-1,50,2,0,yaw
3,-1,-1,50,0.9,1,yaw
3,1,1,50,0.5,1,yaw
3,-1,-1,60,2,1,yaw
3,1,1,50,0.9,1,yaw
3,1,-1,50,0.5,0,yaw
3,-1,1,50,0.5,0,yaw
3,1,1,55,0.9,1,yaw
3,-1,-1,70,2,1,yaw
3,-1,1,50,0.9,0,yaw
3,-1,-1,65,4,1,yaw
3,1,1,100,7,1,yaw
3,1,1,85,2,1,yaw
3,-1,-1,60,0.9,1,yaw
3,-1,-1,50,2,1,yaw
3,-1,1,50,2,0,yaw
3,-1,-1,90,4,1,yaw
3,1,1,60,0.9,1,yaw
3,1,1,70,4,1,yaw
3,-1,1,50,0.5,0,yaw
3,-1,-1,50,0.9,1,yaw
4,1,1,60,0.2,1,pitch
4,-1,-1,90,7,1,pitch
4,-1,-1,75,0.9,1,pitch
4,1,-1,50,0.9,0,pitch
4,-1,-1,50,0.5,1,pitch
4,-1,-1,60,0.9,1,pitch
4,1,1,90,2,1,pitch
4,-1,-1,80,2,1,pitch
4,-1,1,50,0.9,0,pitch
4,-1,-1,50,0.5,1,pitch
4,1,-1,75,0.9,0,pitch
4,1,1,80,2,1,pitch
4,-1,-1,90,0.9,1,pitch
4,-1,-1,100,4,1,pitch
4,1,1,90,0.9,1,pitch
4,-1,-1,90,2,1,pitch
4,-1,1,90,2,0,pitch
4,-1,-1,60,0.5,1,pitch
4,-1,-1,80,2,1,pitch
4,1,-1,60,0.2,0,pitch
4,1,1,80,2,1,pitch
4,1,1,80,0.9,1,pitch
4,1,1,80,0.5,1,pitch
4,1,-1,50,0.5,0,pitch
4,-1,1,50,0.5,0,pitch
4,-1,-1,80,0.9,1,pitch
4,-1,-1,100,7,1,pitch
4,-1,1,80,0.9,0,pitch
4,1,1,75,2,1,pitch
4,1,1,60,0.9,1,pitch
4,-1,-1,60,0.9,1,pitch
4,-1,-1,50,0.9,1,pitch
4,-1,1,50,0.2,0,pitch
4,1,-1,50,0.5,0,pitch
4,-1,1,60,0.9,0,pitch
4,1,1,55,0.5,1,pitch
4,-1,-1,60,2,1,pitch
4,1,1,80,2,1,pitch
4,-1,-1,80,0.5,1,pitch
4,-1,-1,80,2,1,pitch
4,-1,1,80,4,0,pitch
4,1,1,80,2,1,pitch
4,1,1,80,2,1,pitch
4,1,-1,50,0.2,0,pitch
4,1,1,60,0.5,1,pitch
4,1,1,60,0.5,1,pitch
4,1,1,75,0.9,1,pitch
4,-1,-1,75,4,1,pitch
4,-1,1,75,0.9,0,pitch
4,1,1,100,4,1,pitch
4,1,-1,70,0.9,0,pitch
4,-1,-1,90,2,1,pitch
4,-1,-1,60,0.9,1,pitch
4,1,1,75,2,1,pitch
4,1,-1,55,0.5,0,pitch
4,-1,1,55,0.5,0,pitch
4,1,1,100,7,1,pitch
4,-1,-1,95,2,1,pitch
4,-1,-1,100,4,1,pitch
4,-1,-1,80,2,1,pitch
4,1,-1,50,2,0,pitch
4,1,1,100,7,1,pitch
4,-1,-1,80,4,1,pitch
4,-1,1,80,2,0,pitch
4,1,1,90,4,1,pitch
4,1,1,80,2,1,pitch
4,1,1,60,0.5,1,pitch
4,1,1,70,0.9,1,pitch
4,-1,1,55,0.5,0,pitch
4,-1,-1,60,0.9,1,pitch
4,1,1,55,0.9,1,pitch
4,-1,-1,55,0.5,1,pitch
4,-1,-1,80,2,1,pitch
4,1,-1,80,2,0,pitch
4,-1,-1,75,0.2,1,pitch
4,-1,-1,100,2,1,pitch
4,-1,1,55,0.9,0,pitch
4,1,1,60,0.9,1,pitch
4,1,1,90,2,1,pitch
4,1,1,80,2,1,pitch
4,-1,1,50,0.9,0,pitch
4,1,-1,50,0.5,0,pitch
4,-1,1,80,2,0,pitch
4,1,1,90,0.9,1,pitch
4,1,1,70,0.5,1,pitch
4,-1,-1,50,0.5,1,pitch
4,1,1,70,0.9,1,pitch
4,-1,-1,80,2,1,pitch
4,-1,-1,70,0.9,1,pitch
4,-1,-1,100,4,1,pitch
4,1,1,100,7,1,pitch
4,1,1,90,2,1,pitch
4,-1,-1,90,0.9,1,pitch
4,-1,-1,90,2,1,pitch
4,-1,-1,55,2,1,pitch
4,-1,-1,100,4,1,pitch
4,1,1,50,0.9,1,pitch
4,1,1,80,4,1,pitch
4,-1,-1,50,0.5,1,pitch
4,-1,-1,60,0.9,1,pitch
4,-1,-1,80,0.2,1,roll
4,1,1,100,7,1,roll
4,1,1,70,0.9,1,roll
4,-1,-1,70,0.9,1,roll
4,1,1,60,0.5,1,roll
4,1,-1,60,0.9,0,roll
4,-1,-1,80,2,1,roll
4,1,1,80,2,1,roll
4,1,-1,55,0.9,0,roll
4,1,1,50,0.5,1,roll
4,-1,-1,60,0.9,1,roll
4,-1,-1,60,2,1,roll
4,1,1,60,0.9,1,roll
4,1,1,100,4,1,roll
4,-1,-1,90,0.9,1,roll
4,1,1,90,2,1,roll
4,1,-1,75,2,0,roll
4,1,1,50,0.5,1,roll
4,1,1,90,2,1,roll
4,-1,1,70,0.2,0,roll
4,-1,-1,70,2,1,roll
4,-1,-1,70,0.9,1,roll
4,-1,1,50,0.5,0,roll
4,-1,-1,80,0.5,1,roll
4,1,-1,80,0.5,0,roll
4,1,-1,60,0.9,0,roll
4,1,1,100,7,1,roll
4,1,-1,50,0.9,0,roll
4,-1,-1,80,2,1,roll
4,-1,1,50,0.9,0,roll
4,1,1,80,0.9,1,roll
4,1,1,70,0.9,1,roll
4,1,1,55,0.2,1,roll
4,-1,1,50,0.5,0,roll
4,1,1,60,0.9,1,roll
4,-1,1,60,0.5,0,roll
4,1,-1,60,2,0,roll
4,-1,-1,90,2,1,roll
4,1,-1,60,0.5,0,roll
4,1,1,60,2,1,roll
4,1,1,90,4,1,roll
4,-1,-1,80,2,1,roll
4,-1,-1,80,2,1,roll
4,-1,-1,60,0.2,1,roll
4,-1,1,50,0.5,0,roll
4,-1,-1,50,0.5,1,roll
4,-1,-1,70,0.9,1,roll
4,1,1,80,4,1,roll
4,1,1,80,0.9,1,roll
4,-1,-1,90,4,1,roll
4,-1,-1,60,0.9,1,roll
4,1,1,80,2,1,roll
4,1,1,80,0.9,1,roll
4,-1,-1,90,2,1,roll
4,-1,1,60,0.5,0,roll
4,1,-1,60,0.5,0,roll
4,-1,-1,100,7,1,roll
4,1,1,80,2,1,roll
4,1,1,90,4,1,roll
4,1,1,90,2,1,roll
4,-1,-1,80,2,1,roll
4,-1,-1,90,7,1,roll
4,1,1,100,4,1,roll
4,1,1,90,2,1,roll
4,-1,-1,100,4,1,roll
4,-1,-1,90,2,1,roll
4,-1,1,60,0.5,0,roll
4,-1,-1,60,0.9,1,roll
4,1,1,60,0.5,1,roll
4,1,1,80,0.9,1,roll
4,-1,-1,60,0.9,1,roll
4,1,1,70,0.5,1,roll
4,1,1,100,2,1,roll
4,-1,-1,90,2,1,roll
4,1,1,50,0.2,1,roll
4,1,1,70,2,1,roll
4,1,1,80,0.9,1,roll
4,-1,-1,60,0.9,1,roll
4,-1,-1,80,2,1,roll
4,-1,-1,90,2,1,roll
4,1,-1,50,0.9,0,roll
4,-1,-1,50,0.5,1,roll
4,1,1,70,2,1,roll
4,-1,-1,60,0.9,1,roll
4,-1,1,60,0.5,0,roll
4,1,1,60,0.5,1,roll
4,-1,-1,60,0.9,1,roll
4,1,1,60,2,1,roll
4,1,1,70,0.9,1,roll
4,1,1,90,4,1,roll
4,-1,-1,80,7,1,roll
4,-1,-1,60,2,1,roll
4,1,1,60,0.9,1,roll
4,1,1,80,2,1,roll
4,1,1,90,2,1,roll
4,1,1,90,4,1,roll
4,-1,-1,55,0.9,1,roll
4,-1,-1,80,4,1,roll
4,1,1,80,0.5,1,roll
4,1,1,90,0.9,1,roll
4,1,-1,50,0.2,0,yaw
4,-1,-1,100,7,1,yaw
4,-1,1,50,0.9,0,yaw
4,1,1,60,0.9,1,yaw
4,-1,-1,60,0.5,1,yaw
4,-1,1,60,0.9,0,yaw
4,1,-1,50,2,0,yaw
4,-1,-1,80,2,1,yaw
4,-1,1,50,0.9,0,yaw
4,-1,1,70,0.5,0,yaw
4,1,-1,50,0.9,0,yaw
4,1,-1,80,2,0,yaw
4,-1,1,75,0.9,0,yaw
4,-1,-1,100,4,1,yaw
4,1,1,90,0.9,1,yaw
4,-1,-1,75,2,1,yaw
4,-1,-1,60,2,1,yaw
4,-1,1,50,0.5,0,yaw
4,-1,-1,70,2,1,yaw
4,1,-1,60,0.2,0,yaw
4,1,1,90,2,1,yaw
4,1,-1,75,0.9,0,yaw
4,1,1,50,0.5,1,yaw
4,1,1,50,0.5,1,yaw
4,-1,-1,70,0.5,1,yaw
4,-1,-1,90,0.9,1,yaw
4,-1,-1,100,7,1,yaw
4,-1,-1,75,0.9,1,yaw
4,1,-1,80,2,0,yaw
4,1,-1,80,0.9,0,yaw
4,-1,-1,100,0.9,1,yaw
4,-1,-1,60,0.9,1,yaw
4,-1,-1,70,0.2,1,yaw
4,1,-1,70,0.5,0,yaw
4,-1,-1,80,0.9,1,yaw
4,1,-1,80,0.5,0,yaw
4,-1,-1,90,2,1,yaw
4,1,1,100,2,1,yaw
4,-1,-1,70,0.5,1,yaw
4,-1,-1,50,2,1,yaw
4,-1,-1,100,4,1,yaw
4,1,-1,100,2,0,yaw
4,1,-1,80,2,0,yaw
4,1,-1,60,0.2,0,yaw
4,1,-1,60,0.5,0,yaw
4,1,-1,50,0.5,0,yaw
4,1,-1,60,0.9,0,yaw
4,-1,-1,100,4,1,yaw
4,-1,-1,80,0.9,1,yaw
4,1,1,100,4,1,yaw
4,1,1,80,0.9,1,yaw
4,-1,-1,60,2,1,yaw
4,-1,-1,60,0.9,1,yaw
4,1,1,80,2,1,yaw
4,1,-1,60,0.5,0,yaw
4,-1,-1,70,0.5,1,yaw
4,1,1,100,7,1,yaw
4,-1,-1,80,2,1,yaw
4,-1,-1,100,4,1,yaw
4,-1,-1,75,2,1,yaw
4,1,-1,60,2,0,yaw
4,1,1,100,7,1,yaw
4,-1,-1,100,4,1,yaw
4,-1,-1,60,2,1,yaw
4,1,1,100,4,1,yaw
4,1,1,60,2,1,yaw
4,1,1,50,0.5,1,yaw
4,1,1,60,0.9,1,yaw
4,-1,-1,90,0.5,1,yaw
4,-1,1,60,0.9,0,yaw
4,1,-1,70,0.9,0,yaw
4,-1,1,60,0.5,0,yaw
4,-1,-1,80,2,1,yaw
4,1,1,100,2,1,yaw
4,-1,-1,60,0.2,1,yaw
4,-1,-1,80,2,1,yaw
4,-1,-1,60,0.9,1,yaw
4,1,1,80,0.9,1,yaw
4,1,-1,70,2,0,yaw
4,1,1,75,2,1,yaw
4,-1,-1,60,0.9,1,yaw
4,1,-1,60,0.5,0,yaw
4,-1,-1,90,2,1,yaw
4,1,-1,90,0.9,0,yaw
4,1,-1,80,0.5,0,yaw
4,-1,-1,60,0.5,1,yaw
4,1,-1,80,0.9,0,yaw
4,-1,-1,90,2,1,yaw
4,-1,-1,50,0.9,1,yaw
4,-1,-1,100,4,1,yaw
4,1,1,100,7,1,yaw
4,1,1,100,2,1,yaw
4,-1,1,90,0.9,0,yaw
4,-1,-1,50,2,1,yaw
4,-1,-1,50,2,1,yaw
4,-1,-1,100,4,1,yaw
4,1,1,90,0.9,1,yaw
4,1,1,100,4,1,yaw
4,-1,-1,60,0.5,1,yaw
4,-1,-1,60,0.9,1,yaw
5,-1,-1,50,0.2,1,roll
5,1,1,90,7,1,roll
5,1,1,55,0.9,1,roll
5,-1,-1,55,0.9,1,roll
5,1,1,50,0.5,1,roll
5,1,1,60,0.9,1,roll
5,-1,-1,70,2,1,roll
5,1,1,80,2,1,roll
5,1,1,55,0.9,1,roll
5,1,-1,50,0.5,0,roll
5,-1,-1,60,0.9,1,roll
5,-1,-1,65,2,1,roll
5,1,1,55,0.9,1,roll
5,1,1,60,4,1,roll
5,-1,-1,60,0.9,1,roll
5,1,1,60,2,1,roll
5,1,1,65,2,1,roll
5,1,1,50,0.5,1,roll
5,1,1,65,2,1,roll
5,-1,-1,50,0.2,1,roll
5,-1,-1,60,2,1,roll
5,-1,-1,55,0.9,1,roll
5,-1,-1,50,0.5,1,roll
5,-1,-1,50,0.5,1,roll
5,1,-1,50,0.5,0,roll
5,1,1,65,0.9,1,roll
5,1,1,100,7,1,roll
5,1,1,65,0.9,1,roll
5,-1,-1,70,2,1,roll
5,-1,1,65,0.9,0,roll
5,1,1,65,0.9,1,roll
5,1,1,70,0.9,1,roll
5,1,1,55,0.2,1,roll
5,-1,-1,50,0.5,1,roll
5,1,1,60,0.9,1,roll
5,-1,-1,50,0.5,1,roll
5,1,-1,50,2,0,roll
5,-1,-1,50,2,1,roll
5,1,1,50,0.5,1,roll
5,1,1,60,2,1,roll
5,1,1,70,4,1,roll
5,-1,-1,70,2,1,roll
5,-1,-1,60,2,1,roll
5,-1,1,50,0.2,0,roll
5,-1,-1,55,0.5,1,roll
5,-1,-1,55,0.5,1,roll
5,-1,-1,55,0.9,1,roll
5,1,1,70,4,1,roll
5,1,1,60,0.9,1,roll
5,-1,-1,70,4,1,roll
5,-1,-1,55,0.9,1,roll
5,1,1,70,2,1,roll
5,1,1,50,0.9,1,roll
5,-1,-1,60,2,1,roll
5,-1,1,50,0.5,0,roll
5,1,1,50,0.5,1,roll
5,-1,-1,90,7,1,roll
5,1,1,65,2,1,roll
5,1,1,65,4,1,roll
5,1,1,50,2,1,roll
5,-1,-1,60,2,1,roll
5,-1,-1,90,7,1,roll
5,1,1,85,4,1,roll
5,1,1,70,2,1,roll
5,-1,-1,80,4,1,roll
5,-1,-1,60,2,1,roll
5,-1,1,50,0.5,0,roll
5,-1,-1,60,0.9,1,roll
5,1,1,50,0.5,1,roll
5,1,1,60,0.9,1,roll
5,-1,-1,60,0.9,1,roll
5,1,1,55,0.5,1,roll
5,1,1,65,2,1,roll
5,-1,-1,80,2,1,roll
5,1,1,50,0.2,1,roll
5,1,1,65,2,1,roll
5,1,1,70,0.9,1,roll
5,-1,-1,55,0.9,1,roll
5,-1,-1,60,2,1,roll
5,-1,-1,65,2,1,roll
5,1,1,65,0.9,1,roll
5,-1,1,50,0.5,0,roll
5,1,1,60,2,1,roll
5,-1,-1,55,0.9,1,roll
5,-1,-1,60,0.5,1,roll
5,1,1,50,0.5,1,roll
5,-1,-1,55,0.9,1,roll
5,1,1,65,2,1,roll
5,1,1,60,0.9,1,roll
5,1,1,95,4,1,roll
5,-1,-1,95,7,1,roll
5,-1,-1,70,2,1,roll
5,1,1,60,0.9,1,roll
5,1,1,60,2,1,roll
5,1,1,60,2,1,roll
5,1,1,70,4,1,roll
5,-1,-1,60,0.9,1,roll
5,-1,-1,90,4,1,roll
5,1,1,60,0.5,1,roll
5,1,1,60,0.9,1,roll
5,1,1,50,0.2,1,pitch
5,-1,-1,70,7,1,pitch
5,-1,-1,60,0.9,1,pitch
5,1,-1,55,0.9,0,pitch
5,-1,-1,55,0.5,1,pitch
5,-1,1,55,0.9,0,pitch
5,1,-1,55,2,0,pitch
5,-1,-1,70,2,1,pitch
5,-1,-1,60,0.9,1,pitch
5,-1,-1,60,0.5,1,pitch
5,1,1,65,0.9,1,pitch
5,1,1,70,2,1,pitch
5,-1,-1,50,0.9,1,pitch
5,-1,-1,70,4,1,pitch
5,1,1,60,0.9,1,pitch
5,-1,-1,70,2,1,pitch
5,-1,-1,65,2,1,pitch
5,-1,-1,55,0.5,1,pitch
5,-1,-1,60,2,1,pitch
5,1,1,50,0.2,1,pitch
5,1,1,60,2,1,pitch
5,1,1,65,0.9,1,pitch
5,1,1,50,0.5,1,pitch
5,1,1,55,0.5,1,pitch
5,-1,1,50,0.5,0,pitch
5,-1,-1,60,0.9,1,pitch
5,-1,-1,80,7,1,pitch
5,-1,-1,65,0.9,1,pitch
5,1,1,70,2,1,pitch
5,1,1,55,0.9,1,pitch
5,-1,-1,60,0.9,1,pitch
5,-1,-1,60,0.9,1,pitch
5,-1,-1,60,0.2,1,pitch
5,1,-1,50,0.5,0,pitch
5,-1,-1,65,0.9,1,pitch
5,1,1,50,0.5,1,pitch
5,-1,-1,80,2,1,pitch
5,1,1,75,2,1,pitch
5,-1,-1,60,0.5,1,pitch
5,-1,-1,70,2,1,pitch
5,-1,-1,65,4,1,pitch
5,1,1,70,2,1,pitch
5,1,1,65,2,1,pitch
5,1,1,60,0.2,1,pitch
5,1,1,60,0.5,1,pitch
5,1,1,60,0.5,1,pitch
5,1,1,60,0.9,1,pitch
5,-1,-1,70,4,1,pitch
5,-1,-1,60,0.9,1,pitch
5,1,1,70,4,1,pitch
5,1,1,60,0.9,1,pitch
5,-1,-1,65,2,1,pitch
5,-1,1,55,0.9,0,pitch
5,1,1,75,2,1,pitch
5,1,1,60,0.5,1,pitch
5,-1,-1,60,0.5,1,pitch
5,1,1,95,7,1,pitch
5,-1,-1,70,2,1,pitch
5,-1,-1,70,4,1,pitch
5,-1,-1,70,2,1,pitch
5,1,1,65,2,1,pitch
5,1,1,90,7,1,pitch
5,-1,-1,75,4,1,pitch
5,-1,-1,70,2,1,pitch
5,1,1,95,4,1,pitch
5,1,1,60,2,1,pitch
5,1,-1,50,0.5,0,pitch
5,1,1,60,0.9,1,pitch
5,-1,1,60,0.5,0,pitch
5,-1,-1,55,0.9,1,pitch
5,1,-1,60,0.9,0,pitch
5,-1,-1,55,0.5,1,pitch
5,-1,-1,65,2,1,pitch
5,1,1,70,2,1,pitch
5,-1,-1,60,0.2,1,pitch
5,-1,-1,60,2,1,pitch
5,-1,-1,60,0.9,1,pitch
5,1,1,55,0.9,1,pitch
5,1,1,70,2,1,pitch
5,1,1,65,2,1,pitch
5,-1,-1,55,0.9,1,pitch
5,1,1,55,0.5,1,pitch
5,-1,-1,60,2,1,pitch
5,1,1,60,0.9,1,pitch
5,1,1,55,0.5,1,pitch
5,-1,-1,55,0.5,1,pitch
5,1,1,60,0.9,1,pitch
5,-1,1,60,2,0,pitch
5,-1,-1,50,0.9,1,pitch
5,-1,-1,70,4,1,pitch
5,1,1,90,7,1,pitch
5,1,1,70,2,1,pitch
5,-1,-1,55,0.9,1,pitch
5,-1,-1,60,2,1,pitch
5,-1,-1,65,2,1,pitch
5,-1,-1,85,4,1,pitch
5,1,1,65,0.9,1,pitch
5,1,1,95,4,1,pitch
5,-1,-1,60,0.5,1,pitch
5,-1,-1,60,0.9,1,pitch
5,1,1,50,0.2,1,yaw
5,-1,-1,95,7,1,yaw
5,-1,-1,70,0.9,1,yaw
5,1,-1,70,0.9,0,yaw
5,-1,1,50,0.5,0,yaw
5,-1,1,50,0.9,0,yaw
5,1,1,65,2,1,yaw
5,-1,-1,70,2,1,yaw
5,-1,1,60,0.9,0,yaw
5,-1,-1,50,0.5,1,yaw
5,1,-1,60,0.9,0,yaw
5,1,-1,50,2,0,yaw
5,-1,-1,60,0.9,1,yaw
5,-1,-1,80,4,1,yaw
5,1,1,60,0.9,1,yaw
5,-1,-1,70,2,1,yaw
5,-1,-1,50,2,1,yaw
5,-1,-1,55,0.5,1,yaw
5,-1,-1,55,2,1,yaw
5,1,1,50,0.2,1,yaw
5,1,1,60,2,1,yaw
5,1,1,70,0.9,1,yaw
5,1,1,50,0.5,1,yaw
5,1,1,50,0.5,1,yaw
5,-1,-1,50,0.5,1,yaw
5,-1,-1,60,0.9,1,yaw
5,-1,-1,95,7,1,yaw
5,-1,-1,90,0.9,1,yaw
5,1,1,85,2,1,yaw
5,1,-1,60,0.9,0,yaw
5,-1,1,60,0.9,0,yaw
5,-1,-1,50,0.9,1,yaw
5,-1,1,50,0.2,0,yaw
5,1,-1,60,0.5,0,yaw
5,-1,-1,65,0.9,1,yaw
5,1,-1,60,0.5,0,yaw
5,-1,-1,80,2,1,yaw
5,1,1,60,2,1,yaw
5,-1,1,50,0.5,0,yaw
5,-1,1,50,2,0,yaw
5,-1,-1,90,4,1,yaw
5,1,1,70,2,1,yaw
5,1,1,50,2,1,yaw
5,1,-1,50,0.2,0,yaw
5,1,-1,60,0.5,0,yaw
5,1,-1,55,0.5,0,yaw
5,1,-1,55,0.9,0,yaw
5,-1,-1,90,4,1,yaw
5,-1,-1,60,0.9,1,yaw
5,1,1,90,4,1,yaw
5,1,1,60,0.9,1,yaw
5,-1,-1,70,2,1,yaw
5,-1,-1,50,0.9,1,yaw
5,1,1,65,2,1,yaw
5,1,-1,55,0.5,0,yaw
5,-1,-1,60,0.5,1,yaw
5,1,1,95,7,1,yaw
5,-1,-1,70,2,1,yaw
5,-1,-1,60,4,1,yaw
5,-1,-1,50,2,1,yaw
5,1,1,50,2,1,yaw
5,1,1,90,7,1,yaw
5,-1,-1,85,4,1,yaw
5,-1,-1,50,2,1,yaw
5,1,1,75,4,1,yaw
5,1,1,60,2,1,yaw
5,1,-1,50,0.5,0,yaw
5,1,-1,55,0.9,0,yaw
5,-1,1,50,0.5,0,yaw
5,-1,-1,55,0.9,1,yaw
5,1,1,55,0.9,1,yaw
5,-1,-1,55,0.5,1,yaw
5,-1,-1,60,2,1,yaw
5,1,1,55,2,1,yaw
5,-1,-1,50,0.2,1,yaw
5,-1,-1,60,2,1,yaw
5,-1,-1,50,0.9,1,yaw
5,1,1,50,0.9,1,yaw
5,1,-1,50,2,0,yaw
5,1,-1,50,2,0,yaw
5,-1,-1,60,0.9,1,yaw
5,1,-1,50,0.5,0,yaw
5,-1,-1,60,2,1,yaw
5,1,1,55,0.9,1,yaw
5,1,-1,50,0.5,0,yaw
5,-1,-1,55,0.5,1,yaw
5,1,1,60,0.9,1,yaw
5,-1,-1,60,2,1,yaw
5,-1,1,50,0.9,0,yaw
5,-1,-1,65,4,1,yaw
5,1,1,95,7,1,yaw
5,1,1,60,2,1,yaw
5,-1,-1,60,0.9,1,yaw
5,-1,-1,50,2,1,yaw
5,-1,-1,60,2,1,yaw
5,-1,-1,75,4,1,yaw
5,1,1,55,0.9,1,yaw
5,1,1,80,4,1,yaw
5,-1,1,50,0.5,0,yaw
5,-1,-1,50,0.9,1,yaw
6,1,-1,50,0.2,0,pitch
6,-1,-1,100,7,1,pitch
6,-1,-1,80,0.9,1,pitch
6,1,1,80,0.9,1,pitch
6,-1,-1,60,0.5,1,pitch
6,-1,-1,65,0.9,1,pitch
6,1,1,100,2,1,pitch
6,-1,-1,100,2,1,pitch
6,-1,-1,75,0.9,1,pitch
6,-1,-1,50,0.5,1,pitch
6,1,1,50,0.9,1,pitch
6,1,1,100,2,1,pitch
6,-1,-1,50,0.9,1,pitch
6,-1,-1,100,4,1,pitch
6,1,1,90,0.9,1,pitch
6,-1,-1,60,2,1,pitch
6,-1,-1,60,2,1,pitch
6,-1,-1,50,0.5,1,pitch
6,-1,-1,100,2,1,pitch
6,1,-1,60,0.2,0,pitch
6,1,1,100,2,1,pitch
6,1,1,100,0.9,1,pitch
6,1,1,60,0.5,1,pitch
6,1,1,50,0.5,1,pitch
6,-1,1,50,0.5,0,pitch
6,-1,-1,60,0.9,1,pitch
6,-1,-1,100,7,1,pitch
6,-1,-1,100,0.9,1,pitch
6,1,1,80,2,1,pitch
6,1,1,90,0.9,1,pitch
6,-1,-1,50,0.9,1,pitch
6,-1,-1,70,0.9,1,pitch
6,-1,-1,70,0.2,1,pitch
6,1,1,60,0.5,1,pitch
6,-1,-1,60,0.9,1,pitch
6,1,1,50,0.5,1,pitch
6,-1,-1,70,2,1,pitch
6,1,1,90,2,1,pitch
6,-1,-1,50,0.5,1,pitch
6,-1,-1,70,2,1,pitch
6,-1,-1,80,4,1,pitch
6,1,1,90,2,1,pitch
6,1,1,90,2,1,pitch
6,1,1,50,0.2,1,pitch
6,1,1,70,0.5,1,pitch
6,1,1,60,0.5,1,pitch
6,1,1,60,0.9,1,pitch
6,-1,-1,80,4,1,pitch
6,-1,1,50,0.9,0,pitch
6,1,1,100,4,1,pitch
6,1,1,50,0.9,1,pitch
6,-1,-1,70,2,1,pitch
6,-1,-1,70,0.9,1,pitch
6,1,1,80,2,1,pitch
6,1,1,50,0.5,1,pitch
6,-1,-1,50,0.5,1,pitch
6,1,1,100,7,1,pitch
6,-1,-1,100,2,1,pitch
6,-1,-1,100,4,1,pitch
6,-1,-1,90,2,1,pitch
6,1,1,60,2,1,pitch
6,1,1,100,7,1,pitch
6,-1,-1,100,4,1,pitch
6,-1,-1,60,2,1,pitch
6,1,1,90,4,1,pitch
6,1,1,60,2,1,pitch
6,1,1,50,0.5,1,pitch
6,1,1,50,0.9,1,pitch
6,-1,-1,50,0.5,1,pitch
6,-1,-1,50,0.9,1,pitch
6,1,1,50,0.9,1,pitch
6,-1,-1,60,0.5,1,pitch
6,-1,-1,90,2,1,pitch
6,1,1,80,2,1,pitch
6,-1,-1,50,0.2,1,pitch
6,-1,-1,60,2,1,pitch
6,-1,-1,85,0.9,1,pitch
6,1,1,70,0.9,1,pitch
6,1,1,85,2,1,pitch
6,1,1,90,2,1,pitch
6,-1,-1,60,0.9,1,pitch
6,1,1,55,0.5,1,pitch
6,-1,-1,60,2,1,pitch
6,1,1,55,0.9,1,pitch
6,1,1,50,0.5,1,pitch
6,-1,-1,50,0.5,1,pitch
6,1,1,65,0.9,1,pitch
6,-1,-1,90,2,1,pitch
6,-1,-1,80,0.9,1,pitch
6,-1,-1,100,4,1,pitch
6,1,1,100,7,1,pitch
6,1,1,100,2,1,pitch
6,-1,-1,80,0.9,1,pitch
6,-1,-1,80,2,1,pitch
6,-1,-1,95,2,1,pitch
6,-1,-1,100,4,1,pitch
6,1,1,60,0.9,1,pitch
6,1,1,100,4,1,pitch
6,-1,-1,50,0.5,1,pitch
6,-1,-1,70,0.9,1,pitch
6,-1,1,50,0.2,0,roll
6,1,1,100,7,1,roll
6,1,1,50,0.9,1,roll
6,-1,-1,60,0.9,1,roll
6,1,1,50,0.5,1,roll
6,1,1,60,0.9,1,roll
6,-1,-1,75,2,1,roll
6,1,1,80,2,1,roll
6,1,1,70,0.9,1,roll
6,1,1,50,0.5,1,roll
6,-1,-1,60,0.9,1,roll
6,-1,-1,90,2,1,roll
6,1,1,75,0.9,1,roll
6,1,1,100,4,1,roll
6,-1,-1,80,0.9,1,roll
6,1,1,50,2,1,roll
6,1,1,60,2,1,roll
6,1,-1,50,0.5,0,roll
6,1,1,70,2,1,roll
6,-1,-1,50,0.2,1,roll
6,-1,-1,70,2,1,roll
6,-1,-1,70,0.9,1,roll
6,-1,-1,70,0.5,1,roll
6,-1,-1,60,0.5,1,roll
6,1,1,50,0.5,1,roll
6,1,1,60,0.9,1,roll
6,1,1,100,7,1,roll
6,1,1,80,0.9,1,roll
6,-1,-1,80,2,1,roll
6,-1,-1,70,0.9,1,roll
6,1,1,60,0.9,1,roll
6,1,1,60,0.9,1,roll
6,1,-1,50,0.2,0,roll
6,-1,-1,55,0.5,1,roll
6,1,1,70,0.9,1,roll
6,-1,1,50,0.5,0,roll
6,1,-1,50,2,0,roll
6,-1,-1,70,2,1,roll
6,1,1,50,0.5,1,roll
6,1,1,90,2,1,roll
6,1,1,90,4,1,roll
6,-1,-1,80,2,1,roll
6,-1,-1,80,2,1,roll
6,-1,-1,50,0.2,1,roll
6,-1,-1,50,0.5,1,roll
6,-1,-1,55,0.5,1,roll
6,-1,-1,60,0.9,1,roll
6,1,1,90,4,1,roll
6,1,1,90,0.9,1,roll
6,-1,-1,90,4,1,roll
6,-1,1,50,0.9,0,roll
6,1,1,70,2,1,roll
6,1,1,60,0.9,1,roll
6,-1,-1,80,2,1,roll
6,-1,-1,60,0.5,1,roll
6,1,-1,50,0.5,0,roll
6,-1,-1,100,7,1,roll
6,1,1,70,2,1,roll
6,1,1,100,4,1,roll
6,1,1,55,2,1,roll
6,-1,-1,80,2,1,roll
6,-1,-1,100,7,1,roll
6,1,1,90,4,1,roll
6,1,1,70,2,1,roll
6,-1,-1,70,4,1,roll
6,-1,-1,60,2,1,roll
6,-1,-1,50,0.5,1,roll
6,-1,-1,60,0.9,1,roll
6,1,1,60,0.5,1,roll
6,1,1,65,0.9,1,roll
6,-1,-1,70,0.9,1,roll
6,1,1,50,0.5,1,roll
6,1,1,80,2,1,roll
6,-1,-1,90,2,1,roll
6,1,1,50,0.2,1,roll
6,1,1,60,2,1,roll
6,1,1,60,0.9,1,roll
6,-1,-1,65,0.9,1,roll
6,-1,-1,75,2,1,roll
6,-1,-1,80,2,1,roll
6,1,1,55,0.9,1,roll
6,-1,-1,50,0.5,1,roll
6,1,1,60,2,1,roll
6,-1,-1,55,0.9,1,roll
6,-1,-1,50,0.5,1,roll
6,1,1,50,0.5,1,roll
6,-1,1,70,0.9,0,roll
6,1,1,70,2,1,roll
6,1,1,60,0.9,1,roll
6,1,1,100,4,1,roll
6,-1,-1,100,7,1,roll
6,-1,-1,90,2,1,roll
6,1,1,60,0.9,1,roll
6,1,1,70,2,1,roll
6,1,1,65,2,1,roll
6,1,1,90,4,1,roll
6,-1,-1,55,0.9,1,roll
6,-1,-1,90,4,1,roll
6,1,-1,50,0.5,0,roll
6,1,1,65,0.9,1,roll
6,1,1,70,0.2,1,yaw
6,-1,-1,100,7,1,yaw
6,-1,-1,60,0.9,1,yaw
6,1,-1,55,0.9,0,yaw
6,-1,-1,50,0.5,1,yaw
6,-1,-1,60,0.9,1,yaw
6,1,1,80,2,1,yaw
6,-1,-1,80,2,1,yaw
6,-1,1,50,0.9,0,yaw
6,-1,-1,50,0.5,1,yaw
6,1,1,50,0.9,1,yaw
6,1,1,75,2,1,yaw
6,-1,-1,65,0.9,1,yaw
6,-1,-1,100,4,1,yaw
6,1,-1,60,0.9,0,yaw
6,-1,-1,80,2,1,yaw
6,-1,-1,70,2,1,yaw
6,-1,-1,50,0.5,1,yaw
6,-1,-1,55,2,1,yaw
6,1,-1,50,0.2,0,yaw
6,1,1,90,2,1,yaw
6,1,1,90,0.9,1,yaw
6,1,-1,50,0.5,0,yaw
6,1,1,50,0.5,1,yaw
6,-1,-1,55,0.5,1,yaw
6,-1,1,55,0.9,0,yaw
6,-1,-1,100,7,1,yaw
6,-1,1,90,0.9,0,yaw
6,1,1,100,2,1,yaw
6,1,1,60,0.9,1,yaw
6,-1,-1,80,0.9,1,yaw
6,-1,-1,50,0.9,1,yaw
6,-1,-1,50,0.2,1,yaw
6,1,1,60,0.5,1,yaw
6,-1,-1,60,0.9,1,yaw
6,1,1,60,0.5,1,yaw
6,-1,-1,90,2,1,yaw
6,1,1,90,2,1,yaw
6,-1,1,70,0.5,0,yaw
6,-1,-1,90,2,1,yaw
6,-1,-1,100,4,1,yaw
6,1,1,90,2,1,yaw
6,1,1,80,2,1,yaw
6,1,1,50,0.2,1,yaw
6,1,1,50,0.5,1,yaw
6,1,1,60,0.5,1,yaw
6,1,1,70,0.9,1,yaw
6,-1,-1,100,4,1,yaw
6,-1,-1,70,0.9,1,yaw
6,1,1,100,4,1,yaw
6,1,1,60,0.9,1,yaw
6,-1,-1,90,2,1,yaw
6,-1,-1,60,0.9,1,yaw
6,1,1,100,2,1,yaw
6,1,1,50,0.5,1,yaw
6,-1,-1,50,0.5,1,yaw
6,1,1,100,7,1,yaw
6,-1,-1,80,2,1,yaw
6,-1,-1,100,4,1,yaw
6,-1,-1,100,2,1,yaw
6,1,1,80,2,1,yaw
6,1,1,100,7,1,yaw
6,-1,-1,90,4,1,yaw
6,-1,-1,90,2,1,yaw
6,1,1,95,4,1,yaw
6,1,1,100,2,1,yaw
6,1,1,50,0.5,1,yaw
6,1,-1,50,0.9,0,yaw
6,-1,-1,55,0.5,1,yaw
6,-1,-1,60,0.9,1,yaw
6,1,1,70,0.9,1,yaw
6,-1,1,50,0.5,0,yaw
6,-1,-1,70,2,1,yaw
6,1,1,90,2,1,yaw
6,-1,-1,50,0.2,1,yaw
6,-1,-1,80,2,1,yaw
6,-1,-1,70,0.9,1,yaw
6,1,1,70,0.9,1,yaw
6,1,1,60,2,1,yaw
6,1,1,80,2,1,yaw
6,-1,-1,70,0.9,1,yaw
6,1,-1,50,0.5,0,yaw
6,-1,-1,70,2,1,yaw
6,1,1,70,0.9,1,yaw
6,1,1,50,0.5,1,yaw
6,-1,-1,50,0.5,1,yaw
6,1,1,80,0.9,1,yaw
6,-1,-1,100,2,1,yaw
6,-1,-1,80,0.9,1,yaw
6,-1,-1,90,4,1,yaw
6,1,1,90,7,1,yaw
6,1,1,100,2,1,yaw
6,-1,-1,80,0.9,1,yaw
6,-1,-1,80,2,1,yaw
6,-1,-1,90,2,1,yaw
6,-1,-1,100,4,1,yaw
6,1,-1,55,0.9,0,yaw
6,1,1,100,4,1,yaw
6,-1,-1,50,0.5,1,yaw
6,-1,-1,75,0.9,1,yaw
7,-1,-1,100,0.2,1,roll
7,1,1,100,7,1,roll
7,1,-1,75,0.9,0,roll
7,-1,1,75,0.9,0,roll
7,1,NaN,NaN,0.5,NaN,roll
7,1,-1,50,0.9,0,roll
7,-1,1,100,2,0,roll
7,1,-1,100,2,0,roll
7,1,1,80,0.9,1,roll
7,1,-1,80,0.5,0,roll
7,-1,-1,90,0.9,1,roll
7,-1,-1,100,2,1,roll
7,1,1,100,0.9,1,roll
7,1,NaN,NaN,4,NaN,roll
7,-1,-1,100,0.9,1,roll
7,1,1,100,2,1,roll
7,1,-1,100,2,0,roll
7,1,1,50,0.5,1,roll
7,1,-1,50,2,0,roll
7,-1,-1,80,0.2,1,roll
7,-1,-1,100,2,1,roll
7,-1,-1,80,0.9,1,roll
7,-1,-1,80,0.5,1,roll
7,-1,1,75,0.5,0,roll
7,1,-1,75,0.5,0,roll
7,1,1,90,0.9,1,roll
7,1,1,95,7,1,roll
7,1,1,75,0.9,1,roll
7,-1,-1,100,2,1,roll
7,-1,1,95,0.9,0,roll
7,1,1,75,0.9,1,roll
7,1,-1,95,0.9,0,roll
7,1,1,60,0.2,1,roll
7,-1,-1,50,0.5,1,roll
7,1,1,75,0.9,1,roll
7,-1,-1,90,0.5,1,roll
7,1,1,90,2,1,roll
7,-1,-1,100,2,1,roll
7,1,1,100,0.5,1,roll
7,1,1,75,2,1,roll
7,1,1,100,4,1,roll
7,-1,-1,100,2,1,roll
7,-1,-1,100,2,1,roll
7,-1,-1,75,0.2,1,roll
7,-1,1,75,0.5,0,roll
7,-1,-1,100,0.5,1,roll
7,-1,-1,100,0.9,1,roll
7,1,1,100,4,1,roll
7,1,1,100,0.9,1,roll
7,-1,-1,100,4,1,roll
7,-1,-1,100,0.9,1,roll
7,1,1,100,2,1,roll
7,1,1,100,0.9,1,roll
7,-1,-1,100,2,1,roll
7,-1,1,90,0.5,0,roll
7,1,-1,90,0.5,0,roll
7,-1,-1,100,7,1,roll
7,1,1,100,2,1,roll
7,1,1,100,4,1,roll
7,1,1,100,2,1,roll
7,-1,-1,100,2,1,roll
7,-1,-1,100,7,1,roll
7,1,1,100,4,1,roll
7,1,-1,95,2,0,roll
7,-1,-1,100,4,1,roll
7,-1,-1,100,2,1,roll
7,-1,1,95,0.5,0,roll
7,-1,-1,95,0.9,1,roll
7,1,-1,90,0.5,0,roll
7,1,1,100,0.9,1,roll
7,-1,-1,100,0.9,1,roll
7,1,1,75,0.5,1,roll
7,1,1,100,2,1,roll
7,-1,-1,100,2,1,roll
7,1,1,100,0.2,1,roll
7,1,1,50,2,1,roll
7,1,-1,100,0.9,0,roll
7,-1,-1,90,0.9,1,roll
7,-1,-1,100,2,1,roll
7,-1,-1,100,2,1,roll
7,1,1,100,0.9,1,roll
7,-1,-1,60,0.5,1,roll
7,1,-1,90,2,0,roll
7,-1,1,75,0.9,0,roll
7,-1,-1,80,0.5,1,roll
7,1,1,50,0.5,1,roll
7,-1,-1,100,0.9,1,roll
7,1,1,100,2,1,roll
7,1,-1,100,0.9,0,roll
7,1,1,100,4,1,roll
7,-1,-1,100,7,1,roll
7,-1,-1,100,2,1,roll
7,1,-1,95,0.9,0,roll
7,1,1,95,2,1,roll
7,1,1,95,2,1,roll
7,1,1,100,4,1,roll
7,-1,-1,100,0.9,1,roll
7,-1,-1,100,4,1,roll
7,1,1,100,0.5,1,roll
7,1,1,85,0.9,1,roll
7,1,1,50,0.2,1,pitch
7,-1,-1,100,7,1,pitch
7,-1,-1,100,0.9,1,pitch
7,1,-1,50,0.9,0,pitch
7,-1,-1,60,0.5,1,pitch
7,-1,1,80,0.9,0,pitch
7,1,1,90,2,1,pitch
7,-1,-1,100,2,1,pitch
7,-1,1,85,0.9,0,pitch
7,-1,-1,90,0.5,1,pitch
7,1,1,100,0.9,1,pitch
7,1,1,100,2,1,pitch
7,-1,-1,100,0.9,1,pitch
7,-1,-1,100,4,1,pitch
7,1,1,100,0.9,1,pitch
7,-1,-1,90,2,1,pitch
7,-1,1,100,2,0,pitch
7,-1,-1,50,0.5,1,pitch
7,-1,1,100,2,0,pitch
7,1,-1,80,0.2,0,pitch
7,1,1,100,2,1,pitch
7,1,1,100,0.9,1,pitch
7,1,1,100,0.5,1,pitch
7,1,1,90,0.5,1,pitch
7,-1,-1,70,0.5,1,pitch
7,-1,-1,60,0.9,1,pitch
7,-1,-1,100,7,1,pitch
7,-1,-1,100,0.9,1,pitch
7,1,1,100,2,1,pitch
7,1,-1,100,0.9,0,pitch
7,-1,-1,90,0.9,1,pitch
7,-1,-1,90,0.9,1,pitch
7,-1,1,50,0.2,0,pitch
7,1,1,80,0.5,1,pitch
7,-1,1,75,0.9,0,pitch
7,1,1,65,0.5,1,pitch
7,-1,1,90,2,0,pitch
7,1,1,100,2,1,pitch
7,-1,-1,60,0.5,1,pitch
7,-1,-1,100,2,1,pitch
7,-1,-1,100,4,1,pitch
7,1,1,100,2,1,pitch
7,1,1,100,2,1,pitch
7,1,1,90,0.2,1,pitch
7,1,1,85,0.5,1,pitch
7,1,1,100,0.5,1,pitch
7,1,1,100,0.9,1,pitch
7,-1,-1,100,4,1,pitch
7,-1,-1,100,0.9,1,pitch
7,1,1,100,4,1,pitch
7,1,1,100,0.9,1,pitch
7,-1,-1,100,2,1,pitch
7,-1,1,95,0.9,0,pitch
7,1,1,100,2,1,pitch
7,1,1,100,0.5,1,pitch
7,-1,1,50,0.5,0,pitch
7,1,1,100,7,1,pitch
7,-1,-1,100,2,1,pitch
7,-1,-1,100,4,1,pitch
7,-1,-1,100,2,1,pitch
7,1,1,100,2,1,pitch
7,1,1,100,7,1,pitch
7,-1,-1,100,4,1,pitch
7,-1,-1,80,2,1,pitch
7,1,1,100,4,1,pitch
7,1,1,100,2,1,pitch
7,1,1,100,0.5,1,pitch
7,1,1,100,0.9,1,pitch
7,-1,-1,50,0.5,1,pitch
7,-1,1,50,0.9,0,pitch
7,1,1,80,0.9,1,pitch
7,-1,-1,80,0.5,1,pitch
7,-1,-1,100,2,1,pitch
7,1,1,100,2,1,pitch
7,-1,-1,70,0.2,1,pitch
7,-1,-1,90,2,1,pitch
7,-1,1,100,0.9,0,pitch
7,1,-1,50,0.9,0,pitch
7,1,-1,100,2,0,pitch
7,1,1,100,2,1,pitch
7,-1,-1,90,0.9,1,pitch
7,1,1,90,0.5,1,pitch
7,-1,-1,100,2,1,pitch
7,1,1,100,0.9,1,pitch
7,1,-1,100,0.5,0,pitch
7,-1,1,50,0.5,0,pitch
7,1,-1,50,0.9,0,pitch
7,-1,-1,100,2,1,pitch
7,-1,-1,100,0.9,1,pitch
7,-1,-1,100,4,1,pitch
7,1,1,100,7,1,pitch
7,1,1,100,2,1,pitch
7,-1,1,90,0.9,0,pitch
7,-1,-1,100,2,1,pitch
7,-1,-1,100,2,1,pitch
7,-1,-1,100,4,1,pitch
7,1,1,95,0.9,1,pitch
7,1,1,100,4,1,pitch
7,-1,1,100,0.5,0,pitch
7,-1,-1,80,0.9,1,pitch
7,1,1,75,0.2,1,yaw
7,-1,-1,100,7,1,yaw
7,-1,-1,100,0.9,1,yaw
7,1,1,100,0.9,1,yaw
7,-1,-1,70,0.5,1,yaw
7,-1,-1,70,0.9,1,yaw
7,1,1,90,2,1,yaw
7,-1,-1,90,2,1,yaw
7,-1,1,90,0.9,0,yaw
7,-1,-1,50,0.5,1,yaw
7,1,1,100,0.9,1,yaw
7,1,1,50,2,1,yaw
7,-1,-1,80,0.9,1,yaw
7,-1,-1,90,4,1,yaw
7,1,1,50,0.9,1,yaw
7,-1,1,50,2,0,yaw
7,-1,NaN,NaN,2,NaN,yaw
7,-1,1,100,0.5,0,yaw
7,-1,1,100,2,0,yaw
7,1,-1,50,0.2,0,yaw
7,1,1,90,2,1,yaw
7,1,1,100,0.9,1,yaw
7,1,-1,50,0.5,0,yaw
7,1,1,50,0.5,1,yaw
7,-1,1,80,0.5,0,yaw
7,-1,1,80,0.9,0,yaw
7,-1,-1,100,7,1,yaw
7,-1,1,90,0.9,0,yaw
7,1,1,100,2,1,yaw
7,1,1,100,0.9,1,yaw
7,-1,-1,100,0.9,1,yaw
7,-1,-1,50,0.9,1,yaw
7,-1,-1,50,0.2,1,yaw
7,1,-1,50,0.5,0,yaw
7,-1,1,100,0.9,0,yaw
7,1,1,100,0.5,1,yaw
7,-1,-1,100,2,1,yaw
7,1,1,100,2,1,yaw
7,-1,-1,100,0.5,1,yaw
7,-1,-1,100,2,1,yaw
7,-1,1,100,4,0,yaw
7,1,-1,100,2,0,yaw
7,1,-1,100,2,0,yaw
7,1,-1,100,0.2,0,yaw
7,1,1,100,0.5,1,yaw
7,1,1,50,0.5,1,yaw
7,1,1,60,0.9,1,yaw
7,-1,1,70,4,0,yaw
7,-1,-1,80,0.9,1,yaw
7,1,1,100,4,1,yaw
7,1,-1,100,0.9,0,yaw
7,-1,1,80,2,0,yaw
7,-1,1,70,0.9,0,yaw
7,1,1,100,2,1,yaw
7,1,1,50,0.5,1,yaw
7,-1,-1,80,0.5,1,yaw
7,1,1,100,7,1,yaw
7,-1,-1,90,2,1,yaw
7,-1,1,90,4,0,yaw
7,-1,-1,90,2,1,yaw
7,1,1,100,2,1,yaw
7,1,1,100,7,1,yaw
7,-1,-1,50,4,1,yaw
7,-1,-1,60,2,1,yaw
7,1,1,100,4,1,yaw
7,1,1,100,2,1,yaw
7,1,1,50,0.5,1,yaw
7,1,1,80,0.9,1,yaw
7,-1,1,50,0.5,0,yaw
7,-1,-1,60,0.9,1,yaw
7,1,1,100,0.9,1,yaw
7,-1,-1,100,0.5,1,yaw
7,-1,-1,100,2,1,yaw
7,1,-1,100,2,0,yaw
7,-1,-1,100,0.2,1,yaw
7,-1,-1,100,2,1,yaw
7,-1,-1,50,0.9,1,yaw
7,1,-1,80,0.9,0,yaw
7,1,1,100,2,1,yaw
7,1,1,100,2,1,yaw
7,-1,-1,80,0.9,1,yaw
7,1,1,90,0.5,1,yaw
7,-1,-1,90,2,1,yaw
7,1,1,90,0.9,1,yaw
7,1,-1,50,0.5,0,yaw
7,-1,-1,80,0.5,1,yaw
7,1,1,50,0.9,1,yaw
7,-1,1,60,2,0,yaw
7,-1,1,70,0.9,0,yaw
7,-1,-1,100,4,1,yaw
7,1,1,100,7,1,yaw
7,1,1,100,2,1,yaw
7,-1,1,90,0.9,0,yaw
7,-1,-1,100,2,1,yaw
7,-1,-1,100,2,1,yaw
7,-1,-1,100,4,1,yaw
7,1,1,100,0.9,1,yaw
7,1,1,100,4,1,yaw
7,-1,1,70,0.5,0,yaw
7,-1,-1,80,0.9,1,yaw
8,1,1,60,0.2,1,pitch
8,-1,-1,100,7,1,pitch
8,-1,-1,80,0.9,1,pitch
8,1,1,50,0.9,1,pitch
8,-1,-1,60,0.5,1,pitch
8,-1,-1,50,0.9,1,pitch
8,1,1,90,2,1,pitch
8,-1,-1,100,2,1,pitch
8,-1,-1,60,0.9,1,pitch
8,-1,1,50,0.5,0,pitch
8,1,-1,50,0.9,0,pitch
8,1,1,80,2,1,pitch
8,-1,-1,80,0.9,1,pitch
8,-1,-1,100,4,1,pitch
8,1,1,70,0.9,1,pitch
8,-1,-1,80,2,1,pitch
8,-1,-1,80,2,1,pitch
8,-1,1,50,0.5,0,pitch
8,-1,-1,50,2,1,pitch
8,1,-1,50,0.2,0,pitch
8,1,1,100,2,1,pitch
8,1,1,80,0.9,1,pitch
8,1,1,50,0.5,1,pitch
8,1,1,50,0.5,1,pitch
8,-1,-1,60,0.5,1,pitch
8,-1,-1,100,0.9,1,pitch
8,-1,-1,100,7,1,pitch
8,-1,-1,50,0.9,1,pitch
8,1,1,100,2,1,pitch
8,1,1,70,0.9,1,pitch
8,-1,-1,70,0.9,1,pitch
8,-1,-1,70,0.9,1,pitch
8,-1,1,50,0.2,0,pitch
8,1,-1,50,0.5,0,pitch
8,-1,-1,60,0.9,1,pitch
8,1,1,50,0.5,1,pitch
8,-1,-1,70,2,1,pitch
8,1,1,100,2,1,pitch
8,-1,1,50,0.5,0,pitch
8,-1,-1,80,2,1,pitch
8,-1,-1,100,4,1,pitch
8,1,1,60,2,1,pitch
8,1,1,60,2,1,pitch
8,1,-1,50,0.2,0,pitch
8,1,1,50,0.5,1,pitch
8,1,1,50,0.5,1,pitch
8,1,-1,50,0.9,0,pitch
8,-1,-1,100,4,1,pitch
8,-1,-1,60,0.9,1,pitch
8,1,1,100,4,1,pitch
8,1,1,50,0.9,1,pitch
8,-1,-1,70,2,1,pitch
8,-1,-1,60,0.9,1,pitch
8,1,1,80,2,1,pitch
8,1,1,50,0.5,1,pitch
8,-1,1,50,0.5,0,pitch
8,1,1,100,7,1,pitch
8,-1,-1,100,2,1,pitch
8,-1,-1,100,4,1,pitch
8,-1,-1,60,2,1,pitch
8,1,1,90,2,1,pitch
8,1,1,100,7,1,pitch
8,-1,-1,100,4,1,pitch
8,-1,-1,90,2,1,pitch
8,1,1,100,4,1,pitch
8,1,1,70,2,1,pitch
8,1,-1,50,0.5,0,pitch
8,1,1,50,0.9,1,pitch
8,-1,1,50,0.5,0,pitch
8,-1,-1,60,0.9,1,pitch
8,1,1,60,0.9,1,pitch
8,-1,-1,50,0.5,1,pitch
8,-1,-1,50,2,1,pitch
8,1,1,70,2,1,pitch
8,-1,-1,50,0.2,1,pitch
8,-1,-1,60,2,1,pitch
8,-1,1,50,0.9,0,pitch
8,1,1,50,0.9,1,pitch
8,1,1,70,2,1,pitch
8,1,1,60,2,1,pitch
8,-1,-1,60,0.9,1,pitch
8,1,-1,50,0.5,0,pitch
8,-1,-1,70,2,1,pitch
8,1,1,60,0.9,1,pitch
8,1,1,60,0.5,1,pitch
8,-1,-1,50,0.5,1,pitch
8,1,1,60,0.9,1,pitch
8,-1,-1,100,2,1,pitch
8,-1,-1,50,0.9,1,pitch
8,-1,-1,100,4,1,pitch
8,1,1,100,7,1,pitch
8,1,1,70,2,1,pitch
8,-1,-1,70,0.9,1,pitch
8,-1,-1,50,2,1,pitch
8,-1,-1,70,2,1,pitch
8,-1,-1,70,4,1,pitch
8,1,1,50,0.9,1,pitch
8,1,1,80,4,1,pitch
8,-1,-1,50,0.5,1,pitch
8,-1,-1,70,0.9,1,pitch
8,-1,1,50,0.2,0,roll
8,1,1,80,7,1,roll
8,1,-1,50,0.9,0,roll
8,-1,-1,60,0.9,1,roll
8,1,1,60,0.5,1,roll
8,1,1,50,0.9,1,roll
8,-1,-1,70,2,1,roll
8,1,1,70,2,1,roll
8,1,1,70,0.9,1,roll
8,1,-1,50,0.5,0,roll
8,-1,-1,60,0.9,1,roll
8,-1,-1,70,2,1,roll
8,1,1,50,0.9,1,roll
8,1,1,80,4,1,roll
8,-1,-1,60,0.9,1,roll
8,1,1,70,2,1,roll
8,1,1,80,2,1,roll
8,1,-1,50,0.5,0,roll
8,1,1,70,2,1,roll
8,-1,-1,50,0.2,1,roll
8,-1,-1,60,2,1,roll
8,-1,-1,60,0.9,1,roll
8,-1,-1,50,0.5,1,roll
8,-1,1,50,0.5,0,roll
8,1,-1,50,0.5,0,roll
8,1,1,60,0.9,1,roll
8,1,1,90,7,1,roll
8,1,1,50,0.9,1,roll
8,-1,-1,70,2,1,roll
8,-1,-1,70,0.9,1,roll
8,1,1,60,0.9,1,roll
8,1,1,50,0.9,1,roll
8,1,-1,50,0.2,0,roll
8,-1,-1,50,0.5,1,roll
8,1,1,80,0.9,1,roll
8,-1,-1,60,0.5,1,roll
8,1,1,90,2,1,roll
8,-1,-1,90,2,1,roll
8,1,1,60,0.5,1,roll
8,1,1,60,2,1,roll
8,1,1,100,4,1,roll
8,-1,-1,70,2,1,roll
8,-1,-1,60,2,1,roll
8,-1,1,50,0.2,0,roll
8,-1,1,50,0.5,0,roll
8,-1,-1,60,0.5,1,roll
8,-1,-1,60,0.9,1,roll
8,1,1,90,4,1,roll
8,1,1,70,0.9,1,roll
8,-1,-1,100,4,1,roll
8,-1,-1,70,0.9,1,roll
8,1,1,50,2,1,roll
8,1,1,50,0.9,1,roll
8,-1,-1,70,2,1,roll
8,-1,1,50,0.5,0,roll
8,1,-1,50,0.5,0,roll
8,-1,-1,100,7,1,roll
8,1,1,80,2,1,roll
8,1,1,80,4,1,roll
8,1,1,60,2,1,roll
8,-1,-1,70,2,1,roll
8,-1,-1,100,7,1,roll
8,1,1,80,4,1,roll
8,1,1,70,2,1,roll
8,-1,-1,100,4,1,roll
8,-1,-1,60,2,1,roll
8,-1,-1,50,0.5,1,roll
8,-1,1,50,0.9,0,roll
8,1,1,50,0.5,1,roll
8,1,1,70,0.9,1,roll
8,-1,1,60,0.9,0,roll
8,1,1,60,0.5,1,roll
8,1,1,70,2,1,roll
8,-1,-1,60,2,1,roll
8,1,-1,50,0.2,0,roll
8,1,1,70,2,1,roll
8,1,-1,50,0.9,0,roll
8,-1,-1,50,0.9,1,roll
8,-1,-1,70,2,1,roll
8,-1,-1,60,2,1,roll
8,1,1,70,0.9,1,roll
8,-1,1,50,0.5,0,roll
8,1,1,50,2,1,roll
8,-1,-1,50,0.9,1,roll
8,-1,-1,60,0.5,1,roll
8,1,-1,50,0.5,0,roll
8,-1,1,50,0.9,0,roll
8,1,1,60,2,1,roll
8,1,1,50,0.9,1,roll
8,1,1,90,4,1,roll
8,-1,-1,100,7,1,roll
8,-1,-1,60,2,1,roll
8,1,1,50,0.9,1,roll
8,1,1,80,2,1,roll
8,1,1,70,2,1,roll
8,1,1,80,4,1,roll
8,-1,-1,60,0.9,1,roll
8,-1,-1,70,4,1,roll
8,1,1,50,0.5,1,roll
8,1,-1,50,0.9,0,roll
8,1,1,60,0.2,1,yaw
8,-1,-1,100,7,1,yaw
8,-1,-1,50,0.9,1,yaw
8,1,1,50,0.9,1,yaw
8,-1,1,50,0.5,0,yaw
8,-1,1,60,0.9,0,yaw
8,1,1,80,2,1,yaw
8,-1,-1,80,2,1,yaw
8,-1,1,50,0.9,0,yaw
8,-1,-1,60,0.5,1,yaw
8,1,1,60,0.9,1,yaw
8,1,-1,60,2,0,yaw
8,-1,1,60,0.9,0,yaw
8,-1,-1,90,4,1,yaw
8,1,1,50,0.9,1,yaw
8,-1,-1,70,2,1,yaw
8,-1,1,50,2,0,yaw
8,-1,-1,50,0.5,1,yaw
8,-1,1,60,2,0,yaw
8,1,-1,50,0.2,0,yaw
8,1,1,60,2,1,yaw
8,1,-1,50,0.9,0,yaw
8,1,1,50,0.5,1,yaw
8,1,-1,50,0.5,0,yaw
8,-1,1,50,0.5,0,yaw
8,-1,-1,70,0.9,1,yaw
8,-1,-1,100,7,1,yaw
8,-1,1,60,0.9,0,yaw
8,1,1,90,2,1,yaw
8,1,1,80,0.9,1,yaw
8,-1,-1,80,0.9,1,yaw
8,-1,-1,50,0.9,1,yaw
8,-1,1,50,0.2,0,yaw
8,1,-1,50,0.5,0,yaw
8,-1,1,60,0.9,0,yaw
8,1,-1,50,0.5,0,yaw
8,-1,1,70,2,0,yaw
8,1,-1,60,2,0,yaw
8,-1,1,60,0.5,0,yaw
8,-1,-1,60,2,1,yaw
8,-1,-1,60,4,1,yaw
8,1,1,70,2,1,yaw
8,1,1,60,2,1,yaw
8,1,-1,50,0.2,0,yaw
8,1,1,60,0.5,1,yaw
8,1,-1,70,0.5,0,yaw
8,1,1,70,0.9,1,yaw
8,-1,-1,100,4,1,yaw
8,-1,1,50,0.9,0,yaw
8,1,1,100,4,1,yaw
8,1,-1,60,0.9,0,yaw
8,-1,-1,80,2,1,yaw
8,-1,1,50,0.9,0,yaw
8,1,-1,60,2,0,yaw
8,1,1,50,0.5,1,yaw
8,-1,-1,50,0.5,1,yaw
8,1,1,100,7,1,yaw
8,-1,-1,80,2,1,yaw
8,-1,-1,60,4,1,yaw
8,-1,1,50,2,0,yaw
8,1,1,50,2,1,yaw
8,1,1,100,7,1,yaw
8,-1,-1,80,4,1,yaw
8,-1,-1,60,2,1,yaw
8,1,1,70,4,1,yaw
8,1,1,50,2,1,yaw
8,1,-1,50,0.5,0,yaw
8,1,1,50,0.9,1,yaw
8,-1,1,50,0.5,0,yaw
8,-1,-1,50,0.9,1,yaw
8,1,1,50,0.9,1,yaw
8,-1,-1,60,0.5,1,yaw
8,-1,1,60,2,0,yaw
8,1,-1,50,2,0,yaw
8,-1,1,50,0.2,0,yaw
8,-1,1,50,2,0,yaw
8,-1,-1,50,0.9,1,yaw
8,1,1,50,0.9,1,yaw
8,1,-1,50,2,0,yaw
8,1,1,50,2,1,yaw
8,-1,1,60,0.9,0,yaw
8,1,-1,50,0.5,0,yaw
8,-1,-1,50,2,1,yaw
8,1,1,50,0.9,1,yaw
8,1,-1,50,0.5,0,yaw
8,-1,1,50,0.5,0,yaw
8,1,-1,70,0.9,0,yaw
8,-1,-1,90,2,1,yaw
8,-1,-1,60,0.9,1,yaw
8,-1,-1,80,4,1,yaw
8,1,1,100,7,1,yaw
8,1,1,70,2,1,yaw
8,-1,-1,60,0.9,1,yaw
8,-1,1,50,2,0,yaw
8,-1,-1,60,2,1,yaw
8,-1,-1,70,4,1,yaw
8,1,1,50,0.9,1,yaw
8,1,1,60,4,1,yaw
8,-1,1,60,0.5,0,yaw
8,-1,-1,50,0.9,1,yaw
9,-1,1,70,0.2,0,roll
9,1,1,80,7,1,roll
9,1,-1,60,0.9,0,roll
9,-1,-1,50,0.9,1,roll
9,1,1,60,0.5,1,roll
9,1,1,60,0.9,1,roll
9,-1,-1,90,2,1,roll
9,1,1,100,2,1,roll
9,1,1,60,0.9,1,roll
9,1,-1,50,0.5,0,roll
9,-1,-1,60,0.9,1,roll
9,-1,-1,60,2,1,roll
9,1,1,70,0.9,1,roll
9,1,1,90,4,1,roll
9,-1,-1,90,0.9,1,roll
9,1,1,100,2,1,roll
9,1,1,80,2,1,roll
9,1,1,50,0.5,1,roll
9,1,1,60,2,1,roll
9,-1,1,70,0.2,0,roll
9,-1,1,60,2,0,roll
9,-1,-1,60,0.9,1,roll
9,-1,1,50,0.5,0,roll
9,-1,-1,60,0.5,1,roll
9,1,1,60,0.5,1,roll
9,1,1,60,0.9,1,roll
9,1,1,100,7,1,roll
9,1,1,60,0.9,1,roll
9,-1,-1,60,2,1,roll
9,-1,-1,70,0.9,1,roll
9,1,1,80,0.9,1,roll
9,1,1,100,0.9,1,roll
9,1,1,60,0.2,1,roll
9,-1,1,50,0.5,0,roll
9,1,1,60,0.9,1,roll
9,-1,-1,60,0.5,1,roll
9,1,1,100,2,1,roll
9,-1,-1,100,2,1,roll
9,1,1,60,0.5,1,roll
9,1,1,70,2,1,roll
9,1,1,100,4,1,roll
9,-1,-1,80,2,1,roll
9,-1,-1,80,2,1,roll
9,-1,-1,50,0.2,1,roll
9,-1,-1,50,0.5,1,roll
9,-1,-1,60,0.5,1,roll
9,-1,-1,60,0.9,1,roll
9,1,1,100,4,1,roll
9,1,1,90,0.9,1,roll
9,-1,-1,100,4,1,roll
9,-1,1,60,0.9,0,roll
9,1,1,100,2,1,roll
9,1,1,60,0.9,1,roll
9,-1,-1,100,2,1,roll
9,-1,1,50,0.5,0,roll
9,1,-1,50,0.5,0,roll
9,-1,-1,100,7,1,roll
9,1,1,100,2,1,roll
9,1,1,100,4,1,roll
9,1,1,80,2,1,roll
9,-1,-1,60,2,1,roll
9,-1,-1,100,7,1,roll
9,1,1,100,4,1,roll
9,1,1,100,2,1,roll
9,-1,-1,100,4,1,roll
9,-1,1,50,2,0,roll
9,-1,-1,60,0.5,1,roll
9,-1,-1,60,0.9,1,roll
9,1,1,50,0.5,1,roll
9,1,1,60,0.9,1,roll
9,-1,-1,60,0.9,1,roll
9,1,1,60,0.5,1,roll
9,1,1,100,2,1,roll
9,-1,1,60,2,0,roll
9,1,-1,50,0.2,0,roll
9,1,1,100,2,1,roll
9,1,1,90,0.9,1,roll
9,-1,-1,60,0.9,1,roll
9,-1,1,60,2,0,roll
9,-1,-1,60,2,1,roll
9,1,1,60,0.9,1,roll
9,-1,1,60,0.5,0,roll
9,1,1,100,2,1,roll
9,-1,-1,90,0.9,1,roll
9,-1,1,50,0.5,0,roll
9,1,1,50,0.5,1,roll
9,-1,-1,70,0.9,1,roll
9,1,1,90,2,1,roll
9,1,1,90,0.9,1,roll
9,1,1,100,4,1,roll
9,-1,-1,100,7,1,roll
9,-1,-1,90,2,1,roll
9,1,1,50,0.9,1,roll
9,1,1,70,2,1,roll
9,1,1,70,2,1,roll
9,1,1,100,4,1,roll
9,-1,-1,60,0.9,1,roll
9,-1,-1,100,4,1,roll
9,1,1,60,0.5,1,roll
9,1,1,60,0.9,1,roll
9,1,-1,60,0.2,0,pitch
9,-1,-1,100,7,1,pitch
9,-1,-1,60,0.9,1,pitch
9,1,1,60,0.9,1,pitch
9,-1,-1,60,0.5,1,pitch
9,-1,-1,60,0.9,1,pitch
9,1,1,90,2,1,pitch
9,-1,-1,60,2,1,pitch
9,-1,-1,60,0.9,1,pitch
9,-1,-1,60,0.5,1,pitch
9,1,1,70,0.9,1,pitch
9,1,1,90,2,1,pitch
9,-1,-1,60,0.9,1,pitch
9,-1,-1,100,4,1,pitch
9,1,1,60,0.9,1,pitch
9,-1,-1,90,2,1,pitch
9,-1,-1,90,2,1,pitch
9,-1,-1,60,0.5,1,pitch
9,-1,-1,60,2,1,pitch
9,1,1,50,0.2,1,pitch
9,1,1,60,2,1,pitch
9,1,-1,70,0.9,0,pitch
9,1,1,70,0.5,1,pitch
9,1,1,60,0.5,1,pitch
9,-1,-1,60,0.5,1,pitch
9,-1,-1,60,0.9,1,pitch
9,-1,-1,100,7,1,pitch
9,-1,-1,60,0.9,1,pitch
9,1,1,100,2,1,pitch
9,1,1,80,0.9,1,pitch
9,-1,-1,50,0.9,1,pitch
9,-1,-1,60,0.9,1,pitch
9,-1,-1,50,0.2,1,pitch
9,1,1,60,0.5,1,pitch
9,-1,-1,60,0.9,1,pitch
9,1,1,60,0.5,1,pitch
9,-1,-1,70,2,1,pitch
9,1,1,70,2,1,pitch
9,-1,-1,60,0.5,1,pitch
9,-1,-1,100,2,1,pitch
9,-1,-1,100,4,1,pitch
9,1,1,100,2,1,pitch
9,1,1,100,2,1,pitch
9,1,-1,50,0.2,0,pitch
9,1,1,50,0.5,1,pitch
9,1,1,60,0.5,1,pitch
9,1,1,80,0.9,1,pitch
9,-1,-1,100,4,1,pitch
9,-1,1,80,0.9,0,pitch
9,1,1,100,4,1,pitch
9,1,1,100,0.9,1,pitch
9,-1,-1,100,2,1,pitch
9,-1,-1,80,0.9,1,pitch
9,1,1,100,2,1,pitch
9,1,1,80,0.5,1,pitch
9,-1,1,80,0.5,0,pitch
9,1,1,100,7,1,pitch
9,-1,-1,100,2,1,pitch
9,-1,-1,100,4,1,pitch
9,-1,-1,100,2,1,pitch
9,1,1,90,2,1,pitch
9,1,1,100,7,1,pitch
9,-1,-1,100,4,1,pitch
9,-1,-1,90,2,1,pitch
9,1,1,100,4,1,pitch
9,1,1,60,2,1,pitch
9,1,1,60,0.5,1,pitch
9,1,1,80,0.9,1,pitch
9,-1,1,60,0.5,0,pitch
9,-1,-1,60,0.9,1,pitch
9,1,1,60,0.9,1,pitch
9,-1,-1,50,0.5,1,pitch
9,-1,-1,70,2,1,pitch
9,1,1,80,2,1,pitch
9,-1,-1,60,0.2,1,pitch
9,-1,-1,70,2,1,pitch
9,-1,-1,80,0.9,1,pitch
9,1,1,100,0.9,1,pitch
9,1,1,60,2,1,pitch
9,1,1,100,2,1,pitch
9,-1,-1,60,0.9,1,pitch
9,1,-1,60,0.5,0,pitch
9,-1,-1,100,2,1,pitch
9,1,1,100,0.9,1,pitch
9,1,1,60,0.5,1,pitch
9,-1,-1,60,0.5,1,pitch
9,1,1,70,0.9,1,pitch
9,-1,-1,100,2,1,pitch
9,-1,-1,90,0.9,1,pitch
9,-1,-1,100,4,1,pitch
9,1,1,100,7,1,pitch
9,1,1,90,2,1,pitch
9,-1,1,60,0.9,0,pitch
9,-1,-1,100,2,1,pitch
9,-1,-1,100,2,1,pitch
9,-1,-1,100,4,1,pitch
9,1,1,90,0.9,1,pitch
9,1,1,100,4,1,pitch
9,-1,1,50,0.5,0,pitch
9,-1,1,60,0.9,0,pitch
9,1,1,50,0.2,1,yaw
9,-1,-1,80,7,1,yaw
9,-1,1,60,0.9,0,yaw
9,1,1,60,0.9,1,yaw
9,-1,-1,60,0.5,1,yaw
9,-1,1,50,0.9,0,yaw
9,1,1,60,2,1,yaw
9,-1,-1,70,2,1,yaw
9,-1,-1,60,0.9,1,yaw
9,-1,-1,70,0.5,1,yaw
9,1,1,60,0.9,1,yaw
9,1,-1,70,2,0,yaw
9,-1,1,50,0.9,0,yaw
9,-1,1,50,4,0,yaw
9,1,-1,60,0.9,0,yaw
9,-1,-1,60,2,1,yaw
9,-1,-1,60,2,1,yaw
9,-1,1,50,0.5,0,yaw
9,-1,-1,60,2,1,yaw
9,1,1,50,0.2,1,yaw
9,1,1,70,2,1,yaw
9,1,1,60,0.9,1,yaw
9,1,1,50,0.5,1,yaw
9,1,-1,60,0.5,0,yaw
9,-1,1,50,0.5,0,yaw
9,-1,-1,60,0.9,1,yaw
9,-1,-1,90,7,1,yaw
9,-1,-1,80,0.9,1,yaw
9,1,1,90,2,1,yaw
9,1,1,80,0.9,1,yaw
9,-1,-1,80,0.9,1,yaw
9,-1,-1,50,0.9,1,yaw
9,-1,1,50,0.2,0,yaw
9,1,-1,60,0.5,0,yaw
9,-1,-1,60,0.9,1,yaw
9,1,-1,50,0.5,0,yaw
9,-1,1,60,2,0,yaw
9,1,-1,60,2,0,yaw
9,-1,1,60,0.5,0,yaw
9,-1,-1,60,2,1,yaw
9,-1,-1,100,4,1,yaw
9,1,1,90,2,1,yaw
9,1,1,90,2,1,yaw
9,1,-1,50,0.2,0,yaw
9,1,1,60,0.5,1,yaw
9,1,1,50,0.5,1,yaw
9,1,-1,60,0.9,0,yaw
9,-1,-1,70,4,1,yaw
9,-1,1,60,0.9,0,yaw
9,1,1,100,4,1,yaw
9,1,-1,50,0.9,0,yaw
9,-1,-1,80,2,1,yaw
9,-1,-1,60,0.9,1,yaw
9,1,1,70,2,1,yaw
9,1,-1,60,0.5,0,yaw
9,-1,1,70,0.5,0,yaw
9,1,1,100,7,1,yaw
9,-1,-1,90,2,1,yaw
9,-1,1,90,4,0,yaw
9,-1,-1,60,2,1,yaw
9,1,NaN,NaN,2,NaN,yaw
9,1,1,100,7,1,yaw
9,-1,-1,100,4,1,yaw
9,-1,-1,90,2,1,yaw
9,1,1,100,4,1,yaw
9,1,1,80,2,1,yaw
9,1,-1,70,0.5,0,yaw
9,1,1,60,0.9,1,yaw
9,-1,-1,60,0.5,1,yaw
9,-1,1,70,0.9,0,yaw
9,1,1,70,0.9,1,yaw
9,-1,1,60,0.5,0,yaw
9,-1,-1,80,2,1,yaw
9,1,1,100,2,1,yaw
9,-1,1,50,0.2,0,yaw
9,-1,-1,100,2,1,yaw
9,-1,1,60,0.9,0,yaw
9,1,1,60,0.9,1,yaw
9,1,1,50,2,1,yaw
9,1,1,60,2,1,yaw
9,-1,-1,90,0.9,1,yaw
9,1,1,70,0.5,1,yaw
9,-1,-1,100,2,1,yaw
9,1,1,60,0.9,1,yaw
9,1,-1,50,0.5,0,yaw
9,-1,-1,60,0.5,1,yaw
9,1,1,70,0.9,1,yaw
9,-1,-1,100,2,1,yaw
9,-1,1,50,0.9,0,yaw
9,-1,-1,100,4,1,yaw
9,1,1,100,7,1,yaw
9,1,1,80,2,1,yaw
9,-1,-1,50,0.9,1,yaw
9,-1,-1,50,2,1,yaw
9,-1,1,60,2,0,yaw
9,-1,-1,70,4,1,yaw
9,1,1,70,0.9,1,yaw
9,1,1,90,4,1,yaw
9,-1,-1,50,0.5,1,yaw
9,-1,1,60,0.9,0,yaw
10,1,1,60,0.2,1,pitch
10,-1,-1,100,7,1,pitch
10,-1,-1,100,0.9,1,pitch
10,1,-1,90,0.9,0,pitch
10,-1,-1,90,0.5,1,pitch
10,-1,-1,100,0.9,1,pitch
10,1,-1,100,2,0,pitch
10,-1,-1,100,2,1,pitch
10,-1,-1,100,0.9,1,pitch
10,-1,-1,50,0.5,1,pitch
10,1,-1,50,0.9,0,pitch
10,1,-1,60,2,0,pitch
10,-1,-1,80,0.9,1,pitch
10,-1,-1,90,4,1,pitch
10,1,-1,70,0.9,0,pitch
10,-1,-1,90,2,1,pitch
10,-1,-1,60,2,1,pitch
10,-1,-1,50,0.5,1,pitch
10,-1,-1,50,2,1,pitch
10,1,-1,50,0.2,0,pitch
10,1,-1,50,2,0,pitch
10,1,-1,60,0.9,0,pitch
10,1,1,60,0.5,1,pitch
10,1,1,50,0.5,1,pitch
10,-1,-1,90,0.5,1,pitch
10,-1,-1,100,0.9,1,pitch
10,-1,-1,100,7,1,pitch
10,-1,-1,100,0.9,1,pitch
10,1,1,100,2,1,pitch
10,1,1,100,0.9,1,pitch
10,-1,-1,50,0.9,1,pitch
10,-1,1,60,0.9,0,pitch
10,-1,1,50,0.2,0,pitch
10,1,1,60,0.5,1,pitch
10,-1,-1,90,0.9,1,pitch
10,1,1,50,0.5,1,pitch
10,-1,-1,100,2,1,pitch
10,1,1,100,2,1,pitch
10,-1,-1,100,0.5,1,pitch
10,-1,-1,100,2,1,pitch
10,-1,-1,100,4,1,pitch
10,1,1,90,2,1,pitch
10,1,1,50,2,1,pitch
10,1,1,50,0.2,1,pitch
10,1,-1,50,0.5,0,pitch
10,1,1,60,0.5,1,pitch
10,1,1,80,0.9,1,pitch
10,-1,-1,100,4,1,pitch
10,-1,-1,100,0.9,1,pitch
10,1,1,100,4,1,pitch
10,1,1,100,0.9,1,pitch
10,-1,-1,90,2,1,pitch
10,-1,-1,70,0.9,1,pitch
10,1,1,90,2,1,pitch
10,1,-1,60,0.5,0,pitch
10,-1,-1,50,0.5,1,pitch
10,1,1,100,7,1,pitch
10,-1,-1,50,2,1,pitch
10,-1,-1,100,4,1,pitch
10,-1,-1,100,2,1,pitch
10,1,1,90,2,1,pitch
10,1,1,100,7,1,pitch
10,-1,-1,100,4,1,pitch
10,-1,-1,90,2,1,pitch
10,1,1,100,4,1,pitch
10,1,1,80,2,1,pitch
10,1,1,60,0.5,1,pitch
10,1,1,70,0.9,1,pitch
10,-1,1,50,0.5,0,pitch
10,-1,-1,60,0.9,1,pitch
10,1,1,70,0.9,1,pitch
10,-1,-1,70,0.5,1,pitch
10,-1,-1,80,2,1,pitch
10,1,1,100,2,1,pitch
10,-1,1,60,0.2,0,pitch
10,-1,-1,70,2,1,pitch
10,-1,-1,50,0.9,1,pitch
10,1,1,70,0.9,1,pitch
10,1,1,100,2,1,pitch
10,1,1,100,2,1,pitch
10,-1,-1,70,0.9,1,pitch
10,1,-1,50,0.5,0,pitch
10,-1,-1,80,2,1,pitch
10,1,-1,50,0.9,0,pitch
10,1,-1,50,0.5,0,pitch
10,-1,-1,60,0.5,1,pitch
10,1,1,50,0.9,1,pitch
10,-1,-1,90,2,1,pitch
10,-1,-1,100,0.9,1,pitch
10,-1,-1,100,4,1,pitch
10,1,1,100,7,1,pitch
10,1,1,100,2,1,pitch
10,-1,1,50,0.9,0,pitch
10,-1,-1,60,2,1,pitch
10,-1,-1,90,2,1,pitch
10,-1,-1,100,4,1,pitch
10,1,1,60,0.9,1,pitch
10,1,1,100,4,1,pitch
10,-1,-1,60,0.5,1,pitch
10,-1,-1,100,0.9,1,pitch
10,-1,1,50,0.2,0,roll
10,1,1,100,7,1,roll
10,1,1,90,0.9,1,roll
10,-1,-1,60,0.9,1,roll
10,1,1,50,0.5,1,roll
10,1,1,70,0.9,1,roll
10,-1,-1,80,2,1,roll
10,1,1,90,2,1,roll
10,1,1,60,0.9,1,roll
10,1,1,50,0.5,1,roll
10,-1,-1,50,0.9,1,roll
10,-1,-1,60,2,1,roll
10,1,1,60,0.9,1,roll
10,1,1,100,4,1,roll
10,-1,-1,50,0.9,1,roll
10,1,1,70,2,1,roll
10,1,1,70,2,1,roll
10,1,1,50,0.5,1,roll
10,1,1,90,2,1,roll
10,-1,1,50,0.2,0,roll
10,-1,-1,90,2,1,roll
10,-1,-1,50,0.9,1,roll
10,-1,-1,70,0.5,1,roll
10,-1,-1,60,0.5,1,roll
10,1,-1,60,0.5,0,roll
10,1,1,70,0.9,1,roll
10,1,1,100,7,1,roll
10,1,-1,50,0.9,0,roll
10,-1,1,50,2,0,roll
10,-1,-1,50,0.9,1,roll
10,1,1,60,0.9,1,roll
10,1,-1,60,0.9,0,roll
10,1,1,50,0.2,1,roll
10,-1,-1,60,0.5,1,roll
10,1,1,70,0.9,1,roll
10,-1,-1,50,0.5,1,roll
10,1,1,90,2,1,roll
10,-1,-1,100,2,1,roll
10,1,-1,50,0.5,0,roll
10,1,1,90,2,1,roll
10,1,1,70,4,1,roll
10,-1,-1,60,2,1,roll
10,-1,-1,60,2,1,roll
10,-1,-1,50,0.2,1,roll
10,-1,-1,50,0.5,1,roll
10,-1,-1,60,0.5,1,roll
10,-1,-1,70,0.9,1,roll
10,1,1,70,4,1,roll
10,1,-1,70,0.9,0,roll
10,-1,-1,90,4,1,roll
10,-1,-1,90,0.9,1,roll
10,1,1,70,2,1,roll
10,1,-1,50,0.9,0,roll
10,-1,-1,60,2,1,roll
10,-1,-1,60,0.5,1,roll
10,1,-1,50,0.5,0,roll
10,-1,-1,100,7,1,roll
10,1,1,90,2,1,roll
10,1,1,100,4,1,roll
10,1,1,90,2,1,roll
10,-1,-1,60,2,1,roll
10,-1,-1,100,7,1,roll
10,1,1,90,4,1,roll
10,1,1,80,2,1,roll
10,-1,-1,50,4,1,roll
10,-1,-1,50,2,1,roll
10,-1,-1,50,0.5,1,roll
10,-1,-1,60,0.9,1,roll
10,1,-1,50,0.5,0,roll
10,1,1,60,0.9,1,roll
10,-1,-1,60,0.9,1,roll
10,1,-1,50,0.5,0,roll
10,1,1,60,2,1,roll
10,-1,-1,60,2,1,roll
10,1,-1,60,0.2,0,roll
10,1,1,60,2,1,roll
10,1,1,60,0.9,1,roll
10,-1,-1,60,0.9,1,roll
10,-1,-1,100,2,1,roll
10,-1,-1,100,2,1,roll
10,1,1,50,0.9,1,roll
10,-1,-1,60,0.5,1,roll
10,1,1,60,2,1,roll
10,-1,-1,60,0.9,1,roll
10,-1,-1,50,0.5,1,roll
10,1,1,50,0.5,1,roll
10,-1,-1,60,0.9,1,roll
10,1,1,80,2,1,roll
10,1,-1,50,0.9,0,roll
10,1,1,70,4,1,roll
10,-1,-1,100,7,1,roll
10,-1,-1,90,2,1,roll
10,1,1,60,0.9,1,roll
10,1,1,60,2,1,roll
10,1,1,50,2,1,roll
10,1,1,100,4,1,roll
10,-1,-1,70,0.9,1,roll
10,-1,-1,90,4,1,roll
10,1,-1,50,0.5,0,roll
10,1,-1,50,0.9,0,roll
10,1,-1,50,0.2,0,yaw
10,-1,-1,100,7,1,yaw
10,-1,-1,90,0.9,1,yaw
10,1,-1,50,0.9,0,yaw
10,-1,-1,80,0.5,1,yaw
10,-1,-1,70,0.9,1,yaw
10,1,1,50,2,1,yaw
10,-1,-1,100,2,1,yaw
10,-1,-1,80,0.9,1,yaw
10,-1,-1,80,0.5,1,yaw
10,1,1,60,0.9,1,yaw
10,1,1,60,2,1,yaw
10,-1,-1,50,0.9,1,yaw
10,-1,-1,90,4,1,yaw
10,1,1,60,0.9,1,yaw
10,-1,-1,90,2,1,yaw
10,-1,-1,70,2,1,yaw
10,-1,1,50,0.5,0,yaw
10,-1,-1,60,2,1,yaw
10,1,-1,50,0.2,0,yaw
10,1,1,70,2,1,yaw
10,1,1,60,0.9,1,yaw
10,1,1,60,0.5,1,yaw
10,1,1,50,0.5,1,yaw
10,-1,1,50,0.5,0,yaw
10,-1,-1,60,0.9,1,yaw
10,-1,-1,100,7,1,yaw
10,-1,-1,90,0.9,1,yaw
10,1,1,80,2,1,yaw
10,1,1,70,0.9,1,yaw
10,-1,-1,70,0.9,1,yaw
10,-1,-1,70,0.9,1,yaw
10,-1,1,60,0.2,0,yaw
10,1,1,60,0.5,1,yaw
10,-1,-1,60,0.9,1,yaw
10,1,1,50,0.5,1,yaw
10,-1,-1,90,2,1,yaw
10,1,1,60,2,1,yaw
10,-1,1,50,0.5,0,yaw
10,-1,-1,60,2,1,yaw
10,-1,-1,80,4,1,yaw
10,1,1,80,2,1,yaw
10,1,1,100,2,1,yaw
10,1,1,60,0.2,1,yaw
10,1,1,60,0.5,1,yaw
10,1,1,60,0.5,1,yaw
10,1,-1,50,0.9,0,yaw
10,-1,-1,100,4,1,yaw
10,-1,-1,50,0.9,1,yaw
10,1,1,100,4,1,yaw
10,1,1,60,0.9,1,yaw
10,-1,-1,90,2,1,yaw
10,-1,1,50,0.9,0,yaw
10,1,1,90,2,1,yaw
10,1,1,60,0.5,1,yaw
10,-1,-1,50,0.5,1,yaw
10,1,1,100,7,1,yaw
10,-1,1,50,2,0,yaw
10,-1,-1,100,4,1,yaw
10,-1,-1,60,2,1,yaw
10,1,1,90,2,1,yaw
10,1,1,100,7,1,yaw
10,-1,-1,100,4,1,yaw
10,-1,-1,100,2,1,yaw
10,1,1,100,4,1,yaw
10,1,1,100,2,1,yaw
10,1,1,70,0.5,1,yaw
10,1,1,60,0.9,1,yaw
10,-1,-1,50,0.5,1,yaw
10,-1,-1,50,0.9,1,yaw
10,1,1,70,0.9,1,yaw
10,-1,1,50,0.5,0,yaw
10,-1,-1,50,2,1,yaw
10,1,1,70,2,1,yaw
10,-1,1,50,0.2,0,yaw
10,-1,-1,90,2,1,yaw
10,-1,-1,60,0.9,1,yaw
10,1,1,70,0.9,1,yaw
10,1,1,60,2,1,yaw
10,1,1,70,2,1,yaw
10,-1,-1,70,0.9,1,yaw
10,1,1,50,0.5,1,yaw
10,-1,-1,100,2,1,yaw
10,1,1,90,0.9,1,yaw
10,1,1,50,0.5,1,yaw
10,-1,-1,50,0.5,1,yaw
10,1,1,70,0.9,1,yaw
10,-1,-1,90,2,1,yaw
10,-1,-1,60,0.9,1,yaw
10,-1,-1,100,4,1,yaw
10,1,1,100,7,1,yaw
10,1,1,90,2,1,yaw
10,-1,-1,70,0.9,1,yaw
10,-1,-1,70,2,1,yaw
10,-1,-1,70,2,1,yaw
10,-1,-1,60,4,1,yaw
10,1,1,60,0.9,1,yaw
10,1,1,90,4,1,yaw
10,-1,1,50,0.5,0,yaw
10,-1,1,50,0.9,0,yaw
11,1,1,50,0.2,1,yaw
11,-1,-1,100,7,1,yaw
11,-1,-1,90,0.9,1,yaw
11,1,-1,50,0.9,0,yaw
11,-1,1,55,0.5,0,yaw
11,-1,-1,60,0.9,1,yaw
11,1,1,85,2,1,yaw
11,-1,-1,90,2,1,yaw
11,-1,-1,70,0.9,1,yaw
11,-1,-1,55,0.5,1,yaw
11,1,1,55,0.9,1,yaw
11,1,1,50,2,1,yaw
11,-1,-1,70,0.9,1,yaw
11,-1,-1,100,4,1,yaw
11,1,1,100,0.9,1,yaw
11,-1,-1,100,2,1,yaw
11,-1,-1,80,2,1,yaw
11,-1,1,50,0.5,0,yaw
11,-1,-1,80,2,1,yaw
11,1,-1,50,0.2,0,yaw
11,1,1,100,2,1,yaw
11,1,-1,55,0.9,0,yaw
11,1,1,80,0.5,1,yaw
11,1,-1,50,0.5,0,yaw
11,-1,-1,50,0.5,1,yaw
11,-1,1,70,0.9,0,yaw
11,-1,-1,100,7,1,yaw
11,-1,-1,100,0.9,1,yaw
11,1,1,100,2,1,yaw
11,1,1,80,0.9,1,yaw
11,-1,-1,75,0.9,1,yaw
11,-1,-1,50,0.9,1,yaw
11,-1,1,50,0.2,0,yaw
11,1,1,80,0.5,1,yaw
11,-1,-1,75,0.9,1,yaw
11,1,1,80,0.5,1,yaw
11,-1,-1,80,2,1,yaw
11,1,1,100,2,1,yaw
11,-1,1,50,0.5,0,yaw
11,-1,-1,80,2,1,yaw
11,-1,-1,80,4,1,yaw
11,1,1,100,2,1,yaw
11,1,1,100,2,1,yaw
11,1,1,80,0.2,1,yaw
11,1,1,50,0.5,1,yaw
11,1,1,50,0.5,1,yaw
11,1,1,70,0.9,1,yaw
11,-1,-1,100,4,1,yaw
11,-1,-1,100,0.9,1,yaw
11,1,1,100,4,1,yaw
11,1,1,100,0.9,1,yaw
11,-1,-1,100,2,1,yaw
11,-1,-1,80,0.9,1,yaw
11,1,1,100,2,1,yaw
11,1,-1,50,0.5,0,yaw
11,-1,-1,50,0.5,1,yaw
11,1,1,100,7,1,yaw
11,-1,-1,100,2,1,yaw
11,-1,-1,100,4,1,yaw
11,-1,-1,100,2,1,yaw
11,1,1,80,2,1,yaw
11,1,1,100,7,1,yaw
11,-1,-1,100,4,1,yaw
11,-1,-1,100,2,1,yaw
11,1,1,100,4,1,yaw
11,1,1,100,2,1,yaw
11,1,1,50,0.5,1,yaw
11,1,1,80,0.9,1,yaw
11,-1,-1,55,0.5,1,yaw
11,-1,-1,50,0.9,1,yaw
11,1,1,50,0.9,1,yaw
11,-1,-1,50,0.5,1,yaw
11,-1,1,80,2,0,yaw
11,1,1,100,2,1,yaw
11,-1,-1,50,0.2,1,yaw
11,-1,-1,80,2,1,yaw
11,-1,-1,50,0.9,1,yaw
11,1,1,80,0.9,1,yaw
11,1,1,75,2,1,yaw
11,1,1,70,2,1,yaw
11,-1,-1,80,0.9,1,yaw
11,1,1,100,0.5,1,yaw
11,-1,-1,100,2,1,yaw
11,1,-1,80,0.9,0,yaw
11,1,1,50,0.5,1,yaw
11,-1,-1,80,0.5,1,yaw
11,1,1,100,0.9,1,yaw
11,-1,-1,100,2,1,yaw
11,-1,-1,100,0.9,1,yaw
11,-1,-1,100,4,1,yaw
11,1,1,100,7,1,yaw
11,1,1,100,2,1,yaw
11,-1,-1,100,0.9,1,yaw
11,-1,-1,100,2,1,yaw
11,-1,-1,50,2,1,yaw
11,-1,-1,100,4,1,yaw
11,1,1,50,0.9,1,yaw
11,1,1,100,4,1,yaw
11,-1,-1,50,0.5,1,yaw
11,-1,1,50,0.9,0,yaw
11,1,-1,50,0.2,0,roll
11,-1,-1,100,7,1,roll
11,-1,-1,80,0.9,1,roll
11,1,-1,50,0.9,0,roll
11,-1,-1,80,0.5,1,roll
11,-1,-1,50,0.9,1,roll
11,1,1,80,2,1,roll
11,-1,-1,80,2,1,roll
11,-1,-1,100,0.9,1,roll
11,-1,-1,50,0.5,1,roll
11,1,1,80,0.9,1,roll
11,1,1,80,2,1,roll
11,-1,-1,80,0.9,1,roll
11,-1,-1,100,4,1,roll
11,1,1,80,0.9,1,roll
11,-1,-1,100,2,1,roll
11,-1,-1,90,2,1,roll
11,-1,-1,50,0.5,1,roll
11,-1,-1,80,2,1,roll
11,1,-1,50,0.2,0,roll
11,1,1,80,2,1,roll
11,1,1,100,0.9,1,roll
11,1,1,50,0.5,1,roll
11,1,1,50,0.5,1,roll
11,-1,-1,50,0.5,1,roll
11,-1,-1,80,0.9,1,roll
11,-1,-1,100,7,1,roll
11,-1,-1,80,0.9,1,roll
11,1,1,80,2,1,roll
11,1,1,80,0.9,1,roll
11,-1,-1,80,0.9,1,roll
11,-1,1,80,0.9,0,roll
11,-1,-1,50,0.2,1,roll
11,1,-1,50,0.5,0,roll
11,-1,1,100,0.9,0,roll
11,1,-1,50,0.5,0,roll
11,-1,-1,80,2,1,roll
11,1,1,100,2,1,roll
11,-1,-1,80,0.5,1,roll
11,-1,1,80,2,0,roll
11,-1,1,50,4,0,roll
11,1,1,80,2,1,roll
11,1,1,80,2,1,roll
11,1,1,50,0.2,1,roll
11,1,1,50,0.5,1,roll
11,1,1,50,0.5,1,roll
11,1,-1,50,0.9,0,roll
11,-1,-1,100,4,1,roll
11,-1,-1,80,0.9,1,roll
11,1,1,100,4,1,roll
11,1,1,100,0.9,1,roll
11,-1,-1,80,2,1,roll
11,-1,-1,50,0.9,1,roll
11,1,1,100,2,1,roll
11,1,1,50,0.5,1,roll
11,-1,-1,50,0.5,1,roll
11,1,1,100,7,1,roll
11,-1,-1,50,2,1,roll
11,-1,-1,80,4,1,roll
11,-1,-1,50,2,1,roll
11,1,1,100,2,1,roll
11,1,1,100,7,1,roll
11,-1,-1,100,4,1,roll
11,-1,-1,80,2,1,roll
11,1,1,80,4,1,roll
11,1,1,100,2,1,roll
11,1,1,50,0.5,1,roll
11,1,-1,50,0.9,0,roll
11,-1,-1,80,0.5,1,roll
11,-1,-1,50,0.9,1,roll
11,1,1,80,0.9,1,roll
11,-1,1,50,0.5,0,roll
11,-1,-1,80,2,1,roll
11,1,1,50,2,1,roll
11,-1,-1,50,0.2,1,roll
11,-1,-1,80,2,1,roll
11,-1,-1,50,0.9,1,roll
11,1,1,80,0.9,1,roll
11,1,1,50,2,1,roll
11,1,1,100,2,1,roll
11,-1,-1,50,0.9,1,roll
11,1,1,50,0.5,1,roll
11,-1,-1,80,2,1,roll
11,1,1,80,0.9,1,roll
11,1,1,50,0.5,1,roll
11,-1,-1,50,0.5,1,roll
11,1,1,80,0.9,1,roll
11,-1,-1,80,2,1,roll
11,-1,-1,100,0.9,1,roll
11,-1,-1,100,4,1,roll
11,1,1,100,7,1,roll
11,1,1,100,2,1,roll
11,-1,-1,50,0.9,1,roll
11,-1,-1,80,2,1,roll
11,-1,-1,80,2,1,roll
11,-1,-1,100,4,1,roll
11,1,1,100,0.9,1,roll
11,1,1,100,4,1,roll
11,-1,-1,50,0.5,1,roll
11,-1,-1,50,0.9,1,roll
12,1,1,90,0.2,1,yaw
12,-1,-1,100,7,1,yaw
12,-1,1,85,0.9,0,yaw
12,1,-1,90,0.9,0,yaw
12,-1,1,100,0.5,0,yaw
12,-1,-1,100,0.9,1,yaw
12,1,1,100,2,1,yaw
12,-1,-1,100,2,1,yaw
12,-1,-1,70,0.9,1,yaw
12,-1,1,70,0.5,0,yaw
12,1,-1,70,0.9,0,yaw
12,1,1,90,2,1,yaw
12,-1,-1,100,0.9,1,yaw
12,-1,-1,100,4,1,yaw
12,1,1,100,0.9,1,yaw
12,-1,-1,100,2,1,yaw
12,-1,-1,80,2,1,yaw
12,-1,1,80,0.5,0,yaw
12,-1,-1,90,2,1,yaw
12,1,1,80,0.2,1,yaw
12,1,1,95,2,1,yaw
12,1,1,90,0.9,1,yaw
12,1,-1,70,0.5,0,yaw
12,1,1,100,0.5,1,yaw
12,-1,-1,90,0.5,1,yaw
12,-1,-1,80,0.9,1,yaw
12,-1,-1,100,7,1,yaw
12,-1,1,80,0.9,0,yaw
12,1,1,90,2,1,yaw
12,1,-1,90,0.9,0,yaw
12,-1,-1,80,0.9,1,yaw
12,-1,-1,75,0.9,1,yaw
12,-1,-1,70,0.2,1,yaw
12,1,1,80,0.5,1,yaw
12,-1,-1,80,0.9,1,yaw
12,1,-1,60,0.5,0,yaw
12,-1,-1,90,2,1,yaw
12,1,1,70,2,1,yaw
12,-1,-1,60,0.5,1,yaw
12,-1,-1,85,2,1,yaw
12,-1,-1,100,4,1,yaw
12,1,1,100,2,1,yaw
12,1,1,85,2,1,yaw
12,1,-1,95,0.2,0,yaw
12,1,-1,90,0.5,0,yaw
12,1,1,95,0.5,1,yaw
12,1,1,90,0.9,1,yaw
12,-1,-1,100,4,1,yaw
12,-1,-1,100,0.9,1,yaw
12,1,1,100,4,1,yaw
12,1,1,95,0.9,1,yaw
12,-1,-1,95,2,1,yaw
12,-1,-1,80,0.9,1,yaw
12,1,1,100,2,1,yaw
12,1,1,85,0.5,1,yaw
12,-1,1,90,0.5,0,yaw
12,1,1,100,7,1,yaw
12,-1,-1,100,2,1,yaw
12,-1,-1,90,4,1,yaw
12,-1,-1,100,2,1,yaw
12,1,1,100,2,1,yaw
12,1,1,100,7,1,yaw
12,-1,-1,100,4,1,yaw
12,-1,-1,90,2,1,yaw
12,1,1,100,4,1,yaw
12,1,1,100,2,1,yaw
12,1,-1,60,0.5,0,yaw
12,1,1,90,0.9,1,yaw
12,-1,-1,90,0.5,1,yaw
12,-1,-1,90,0.9,1,yaw
12,1,1,90,0.9,1,yaw
12,-1,-1,75,0.5,1,yaw
12,-1,-1,85,2,1,yaw
12,1,1,100,2,1,yaw
12,-1,-1,85,0.2,1,yaw
12,-1,-1,90,2,1,yaw
12,-1,-1,80,0.9,1,yaw
12,1,1,95,0.9,1,yaw
12,1,1,95,2,1,yaw
12,1,1,100,2,1,yaw
12,-1,1,90,0.9,0,yaw
12,1,1,95,0.5,1,yaw
12,-1,-1,95,2,1,yaw
12,1,1,100,0.9,1,yaw
12,1,1,65,0.5,1,yaw
12,-1,-1,90,0.5,1,yaw
12,1,1,95,0.9,1,yaw
12,-1,-1,100,2,1,yaw
12,-1,-1,80,0.9,1,yaw
12,-1,-1,100,4,1,yaw
12,1,1,100,7,1,yaw
12,1,1,100,2,1,yaw
12,-1,-1,75,0.9,1,yaw
12,-1,-1,75,2,1,yaw
12,-1,-1,80,2,1,yaw
12,-1,-1,95,4,1,yaw
12,1,1,80,0.9,1,yaw
12,1,1,100,4,1,yaw
12,-1,-1,100,0.5,1,yaw
12,-1,-1,50,0.9,1,yaw
12,1,1,70,0.2,1,roll
12,-1,-1,100,7,1,roll
12,-1,-1,90,0.9,1,roll
12,1,1,90,0.9,1,roll
12,-1,-1,90,0.5,1,roll
12,-1,-1,90,0.9,1,roll
12,1,1,100,2,1,roll
12,-1,-1,100,2,1,roll
12,-1,-1,100,0.9,1,roll
12,-1,-1,100,0.5,1,roll
12,1,1,100,0.9,1,roll
12,1,1,100,2,1,roll
12,-1,-1,100,0.9,1,roll
12,-1,-1,100,4,1,roll
12,1,1,100,0.9,1,roll
12,-1,-1,100,2,1,roll
12,-1,-1,100,2,1,roll
12,-1,1,80,0.5,0,roll
12,-1,-1,100,2,1,roll
12,1,1,85,0.2,1,roll
12,1,1,90,2,1,roll
12,1,1,90,0.9,1,roll
12,1,1,85,0.5,1,roll
12,1,1,85,0.5,1,roll
12,-1,1,70,0.5,0,roll
12,-1,-1,100,0.9,1,roll
12,-1,-1,100,7,1,roll
12,-1,-1,100,0.9,1,roll
12,1,1,100,2,1,roll
12,1,-1,90,0.9,0,roll
12,-1,-1,90,0.9,1,roll
12,-1,-1,90,0.9,1,roll
12,-1,-1,100,0.2,1,roll
12,1,1,95,0.5,1,roll
12,-1,-1,100,0.9,1,roll
12,1,1,90,0.5,1,roll
12,-1,-1,100,2,1,roll
12,1,1,100,2,1,roll
12,-1,-1,100,0.5,1,roll
12,-1,-1,100,2,1,roll
12,-1,-1,100,4,1,roll
12,1,1,100,2,1,roll
12,1,1,100,2,1,roll
12,1,1,90,0.2,1,roll
12,1,1,85,0.5,1,roll
12,1,1,100,0.5,1,roll
12,1,1,100,0.9,1,roll
12,-1,-1,100,4,1,roll
12,-1,-1,100,0.9,1,roll
12,1,1,100,4,1,roll
12,1,1,100,0.9,1,roll
12,-1,-1,100,2,1,roll
12,-1,-1,100,0.9,1,roll
12,1,1,100,2,1,roll
12,1,1,90,0.5,1,roll
12,-1,-1,95,0.5,1,roll
12,1,1,100,7,1,roll
12,-1,-1,100,2,1,roll
12,-1,-1,100,4,1,roll
12,-1,-1,100,2,1,roll
12,1,1,100,2,1,roll
12,1,1,100,7,1,roll
12,-1,-1,100,4,1,roll
12,-1,-1,100,2,1,roll
12,1,1,100,4,1,roll
12,1,1,100,2,1,roll
12,1,1,70,0.5,1,roll
12,1,1,100,0.9,1,roll
12,-1,-1,100,0.5,1,roll
12,-1,-1,100,0.9,1,roll
12,1,1,100,0.9,1,roll
12,-1,-1,100,0.5,1,roll
12,-1,-1,100,2,1,roll
12,1,1,100,2,1,roll
12,-1,-1,100,0.2,1,roll
12,-1,-1,100,2,1,roll
12,-1,-1,100,0.9,1,roll
12,1,1,100,0.9,1,roll
12,1,1,100,2,1,roll
12,1,1,90,2,1,roll
12,-1,-1,100,0.9,1,roll
12,1,-1,80,0.5,0,roll
12,-1,-1,100,2,1,roll
12,1,1,90,0.9,1,roll
12,1,1,100,0.5,1,roll
12,-1,-1,100,0.5,1,roll
12,1,1,100,0.9,1,roll
12,-1,-1,100,2,1,roll
12,-1,-1,100,0.9,1,roll
12,-1,-1,100,4,1,roll
12,1,1,100,7,1,roll
12,1,1,100,2,1,roll
12,-1,-1,100,0.9,1,roll
12,-1,-1,100,2,1,roll
12,-1,-1,100,2,1,roll
12,-1,-1,100,4,1,roll
12,1,1,100,0.9,1,roll
12,1,1,100,4,1,roll
12,-1,-1,100,0.5,1,roll
12,-1,-1,100,0.9,1,roll
12,-1,-1,70,0.2,1,pitch
12,1,1,100,7,1,pitch
12,1,1,90,0.9,1,pitch
12,-1,-1,100,0.9,1,pitch
12,1,1,90,0.5,1,pitch
12,1,1,100,0.9,1,pitch
12,-1,-1,100,2,1,pitch
12,1,1,100,2,1,pitch
12,1,1,100,0.9,1,pitch
12,1,1,100,0.5,1,pitch
12,-1,-1,100,0.9,1,pitch
12,-1,-1,100,2,1,pitch
12,1,1,95,0.9,1,pitch
12,1,1,100,4,1,pitch
12,-1,-1,90,0.9,1,pitch
12,1,1,100,2,1,pitch
12,1,1,100,2,1,pitch
12,1,1,90,0.5,1,pitch
12,1,1,100,2,1,pitch
12,-1,-1,90,0.2,1,pitch
12,-1,-1,100,2,1,pitch
12,-1,-1,100,0.9,1,pitch
12,-1,-1,90,0.5,1,pitch
12,-1,-1,100,0.5,1,pitch
12,1,1,90,0.5,1,pitch
12,1,1,100,0.9,1,pitch
12,1,1,100,7,1,pitch
12,1,1,100,0.9,1,pitch
12,-1,-1,100,2,1,pitch
12,-1,-1,100,0.9,1,pitch
12,1,1,90,0.9,1,pitch
12,1,1,100,0.9,1,pitch
12,1,-1,80,0.2,0,pitch
12,-1,1,75,0.5,0,pitch
12,1,1,100,0.9,1,pitch
12,-1,-1,85,0.5,1,pitch
12,1,1,95,2,1,pitch
12,-1,-1,100,2,1,pitch
12,1,1,70,0.5,1,pitch
12,1,1,90,2,1,pitch
12,1,1,100,4,1,pitch
12,-1,-1,100,2,1,pitch
12,-1,-1,100,2,1,pitch
12,-1,1,60,0.2,0,pitch
12,-1,-1,90,0.5,1,pitch
12,-1,-1,85,0.5,1,pitch
12,-1,-1,100,0.9,1,pitch
12,1,1,100,4,1,pitch
12,1,1,90,0.9,1,pitch
12,-1,-1,100,4,1,pitch
12,-1,-1,100,0.9,1,pitch
12,1,1,100,2,1,pitch
12,1,1,100,0.9,1,pitch
12,-1,-1,100,2,1,pitch
12,-1,-1,100,0.5,1,pitch
12,1,1,90,0.5,1,pitch
12,-1,-1,100,7,1,pitch
12,1,1,100,2,1,pitch
12,1,1,75,4,1,pitch
12,1,1,100,2,1,pitch
12,-1,-1,100,2,1,pitch
12,-1,-1,100,7,1,pitch
12,1,1,100,4,1,pitch
12,1,1,100,2,1,pitch
12,-1,-1,100,4,1,pitch
12,-1,-1,100,2,1,pitch
12,-1,-1,80,0.5,1,pitch
12,-1,-1,100,0.9,1,pitch
12,1,1,90,0.5,1,pitch
12,1,1,100,0.9,1,pitch
12,-1,-1,100,0.9,1,pitch
12,1,1,100,0.5,1,pitch
12,1,-1,60,2,0,pitch
12,-1,-1,100,2,1,pitch
12,1,-1,80,0.2,0,pitch
12,1,1,100,2,1,pitch
12,1,-1,60,0.9,0,pitch
12,-1,1,50,0.9,0,pitch
12,-1,-1,90,2,1,pitch
12,-1,-1,100,2,1,pitch
12,1,1,90,0.9,1,pitch
12,-1,-1,100,0.5,1,pitch
12,1,1,100,2,1,pitch
12,-1,-1,100,0.9,1,pitch
12,-1,-1,85,0.5,1,pitch
12,1,1,90,0.5,1,pitch
12,-1,-1,80,0.9,1,pitch
12,1,1,100,2,1,pitch
12,1,1,100,0.9,1,pitch
12,1,1,100,4,1,pitch
12,-1,-1,100,7,1,pitch
12,-1,-1,100,2,1,pitch
12,1,-1,80,0.9,0,pitch
12,1,1,100,2,1,pitch
12,1,1,100,2,1,pitch
12,1,1,100,4,1,pitch
12,-1,-1,90,0.9,1,pitch
12,-1,-1,100,4,1,pitch
12,1,1,60,0.5,1,pitch
12,1,1,80,0.9,1,pitch
13,1,-1,50,0.2,0,yaw
13,-1,-1,100,7,1,yaw
13,-1,-1,50,0.9,1,yaw
13,1,1,100,0.9,1,yaw
13,-1,-1,75,0.5,1,yaw
13,-1,-1,50,0.9,1,yaw
13,1,1,100,2,1,yaw
13,-1,-1,100,2,1,yaw
13,-1,1,50,0.9,0,yaw
13,-1,1,50,0.5,0,yaw
13,1,1,75,0.9,1,yaw
13,1,1,50,2,1,yaw
13,-1,-1,100,0.9,1,yaw
13,-1,-1,100,4,1,yaw
13,1,1,100,0.9,1,yaw
13,-1,-1,100,2,1,yaw
13,-1,-1,80,2,1,yaw
13,-1,1,50,0.5,0,yaw
13,-1,-1,60,2,1,yaw
13,1,-1,50,0.2,0,yaw
13,1,1,80,2,1,yaw
13,1,1,80,0.9,1,yaw
13,1,-1,50,0.5,0,yaw
13,1,-1,50,0.5,0,yaw
13,-1,1,60,0.5,0,yaw
13,-1,-1,75,0.9,1,yaw
13,-1,-1,100,7,1,yaw
13,-1,-1,90,0.9,1,yaw
13,1,1,95,2,1,yaw
13,1,1,60,0.9,1,yaw
13,-1,-1,100,0.9,1,yaw
13,-1,-1,55,0.9,1,yaw
13,-1,1,50,0.2,0,yaw
13,1,1,65,0.5,1,yaw
13,-1,-1,95,0.9,1,yaw
13,1,1,55,0.5,1,yaw
13,-1,-1,100,2,1,yaw
13,1,1,100,2,1,yaw
13,-1,-1,85,0.5,1,yaw
13,-1,-1,80,2,1,yaw
13,-1,-1,100,4,1,yaw
13,1,1,100,2,1,yaw
13,1,1,100,2,1,yaw
13,1,-1,50,0.2,0,yaw
13,1,-1,50,0.5,0,yaw
13,1,1,50,0.5,1,yaw
13,1,1,65,0.9,1,yaw
13,-1,-1,100,4,1,yaw
13,-1,-1,80,0.9,1,yaw
13,1,1,100,4,1,yaw
13,1,1,100,0.9,1,yaw
13,-1,-1,100,2,1,yaw
13,-1,-1,75,0.9,1,yaw
13,1,1,100,2,1,yaw
13,1,1,50,0.5,1,yaw
13,-1,-1,55,0.5,1,yaw
13,1,1,100,7,1,yaw
13,-1,-1,100,2,1,yaw
13,-1,-1,100,4,1,yaw
13,-1,-1,100,2,1,yaw
13,1,1,90,2,1,yaw
13,1,1,100,7,1,yaw
13,-1,-1,100,4,1,yaw
13,-1,-1,100,2,1,yaw
13,1,1,100,4,1,yaw
13,1,1,100,2,1,yaw
13,1,-1,50,0.5,0,yaw
13,1,1,50,0.9,1,yaw
13,-1,-1,100,0.5,1,yaw
13,-1,-1,75,0.9,1,yaw
13,1,1,100,0.9,1,yaw
13,-1,1,90,0.5,0,yaw
13,-1,-1,95,2,1,yaw
13,1,1,100,2,1,yaw
13,-1,-1,60,0.2,1,yaw
13,-1,-1,65,2,1,yaw
13,-1,-1,50,0.9,1,yaw
13,1,1,75,0.9,1,yaw
13,1,1,85,2,1,yaw
13,1,-1,55,2,0,yaw
13,-1,-1,65,0.9,1,yaw
13,1,-1,55,0.5,0,yaw
13,-1,-1,100,2,1,yaw
13,1,-1,75,0.9,0,yaw
13,1,1,50,0.5,1,yaw
13,-1,-1,85,0.5,1,yaw
13,1,-1,55,0.9,0,yaw
13,-1,-1,100,2,1,yaw
13,-1,1,50,0.9,0,yaw
13,-1,-1,65,4,1,yaw
13,1,1,100,7,1,yaw
13,1,1,100,2,1,yaw
13,-1,1,55,0.9,0,yaw
13,-1,-1,50,2,1,yaw
13,-1,1,50,2,0,yaw
13,-1,-1,70,4,1,yaw
13,1,1,85,0.9,1,yaw
13,1,1,100,4,1,yaw
13,-1,1,50,0.5,0,yaw
13,-1,1,50,0.9,0,yaw
13,-1,1,50,0.2,0,pitch
13,1,1,100,7,1,pitch
13,1,1,60,0.9,1,pitch
13,-1,-1,100,0.9,1,pitch
13,1,1,80,0.5,1,pitch
13,1,1,85,0.9,1,pitch
13,-1,-1,50,2,1,pitch
13,1,1,100,2,1,pitch
13,1,1,50,0.9,1,pitch
13,1,1,60,0.5,1,pitch
13,-1,-1,100,0.9,1,pitch
13,-1,-1,100,2,1,pitch
13,1,-1,80,0.9,0,pitch
13,1,1,100,4,1,pitch
13,-1,-1,100,0.9,1,pitch
13,1,1,100,2,1,pitch
13,1,1,95,2,1,pitch
13,1,1,55,0.5,1,pitch
13,1,1,50,2,1,pitch
13,-1,-1,55,0.2,1,pitch
13,-1,-1,75,2,1,pitch
13,-1,-1,100,0.9,1,pitch
13,-1,-1,55,0.5,1,pitch
13,-1,-1,60,0.5,1,pitch
13,1,1,65,0.5,1,pitch
13,1,1,75,0.9,1,pitch
13,1,1,100,7,1,pitch
13,1,1,65,0.9,1,pitch
13,-1,-1,100,2,1,pitch
13,-1,-1,85,0.9,1,pitch
13,1,1,95,0.9,1,pitch
13,1,1,90,0.9,1,pitch
13,1,1,50,0.2,1,pitch
13,-1,-1,85,0.5,1,pitch
13,1,1,95,0.9,1,pitch
13,-1,-1,100,0.5,1,pitch
13,1,1,100,2,1,pitch
13,-1,-1,100,2,1,pitch
13,1,1,85,0.5,1,pitch
13,1,1,100,2,1,pitch
13,1,1,100,4,1,pitch
13,-1,1,50,2,0,pitch
13,-1,-1,100,2,1,pitch
13,-1,-1,50,0.2,1,pitch
13,-1,1,50,0.5,0,pitch
13,-1,-1,60,0.5,1,pitch
13,-1,-1,100,0.9,1,pitch
13,1,1,100,4,1,pitch
13,1,1,90,0.9,1,pitch
13,-1,-1,100,4,1,pitch
13,-1,-1,60,0.9,1,pitch
13,1,1,100,2,1,pitch
13,1,1,65,0.9,1,pitch
13,-1,-1,100,2,1,pitch
13,-1,-1,85,0.5,1,pitch
13,1,1,50,0.5,1,pitch
13,-1,-1,100,7,1,pitch
13,1,1,100,2,1,pitch
13,1,1,100,4,1,pitch
13,1,1,100,2,1,pitch
13,-1,-1,100,2,1,pitch
13,-1,-1,100,7,1,pitch
13,1,1,100,4,1,pitch
13,1,1,100,2,1,pitch
13,-1,-1,100,4,1,pitch
13,-1,-1,85,2,1,pitch
13,-1,1,50,0.5,0,pitch
13,-1,-1,55,0.9,1,pitch
13,1,1,55,0.5,1,pitch
13,1,1,60,0.9,1,pitch
13,-1,-1,75,0.9,1,pitch
13,1,1,55,0.5,1,pitch
13,1,1,100,2,1,pitch
13,-1,-1,100,2,1,pitch
13,1,1,55,0.2,1,pitch
13,1,1,65,2,1,pitch
13,1,1,75,0.9,1,pitch
13,-1,-1,70,0.9,1,pitch
13,-1,-1,90,2,1,pitch
13,-1,-1,100,2,1,pitch
13,1,1,85,0.9,1,pitch
13,-1,1,50,0.5,0,pitch
13,1,1,100,2,1,pitch
13,-1,-1,100,0.9,1,pitch
13,-1,-1,50,0.5,1,pitch
13,1,1,70,0.5,1,pitch
13,-1,-1,100,0.9,1,pitch
13,1,1,100,2,1,pitch
13,1,1,95,0.9,1,pitch
13,1,1,100,4,1,pitch
13,-1,-1,100,7,1,pitch
13,-1,-1,90,2,1,pitch
13,1,1,85,0.9,1,pitch
13,1,1,100,2,1,pitch
13,1,1,100,2,1,pitch
13,1,1,100,4,1,pitch
13,-1,-1,70,0.9,1,pitch
13,-1,-1,100,4,1,pitch
13,1,1,50,0.5,1,pitch
13,1,1,95,0.9,1,pitch
13,1,-1,50,0.2,0,roll
13,-1,-1,100,7,1,roll
13,-1,-1,75,0.9,1,roll
13,1,1,100,0.9,1,roll
13,-1,-1,80,0.5,1,roll
13,-1,-1,100,0.9,1,roll
13,1,1,100,2,1,roll
13,-1,-1,100,2,1,roll
13,-1,-1,90,0.9,1,roll
13,-1,-1,75,0.5,1,roll
13,1,1,100,0.9,1,roll
13,1,1,100,2,1,roll
13,-1,-1,100,0.9,1,roll
13,-1,-1,100,4,1,roll
13,1,1,100,0.9,1,roll
13,-1,-1,100,2,1,roll
13,-1,-1,100,2,1,roll
13,-1,1,50,0.5,0,roll
13,-1,-1,100,2,1,roll
13,1,1,50,0.2,1,roll
13,1,1,100,2,1,roll
13,1,1,80,0.9,1,roll
13,1,1,85,0.5,1,roll
13,1,1,85,0.5,1,roll
13,-1,-1,65,0.5,1,roll
13,-1,-1,75,0.9,1,roll
13,-1,-1,100,7,1,roll
13,-1,-1,95,0.9,1,roll
13,1,1,100,2,1,roll
13,1,1,65,0.9,1,roll
13,-1,-1,100,0.9,1,roll
13,-1,-1,100,0.9,1,roll
13,-1,-1,60,0.2,1,roll
13,1,1,65,0.5,1,roll
13,-1,-1,100,0.9,1,roll
13,1,1,50,0.5,1,roll
13,-1,-1,100,2,1,roll
13,1,1,100,2,1,roll
13,-1,-1,70,0.5,1,roll
13,-1,-1,100,2,1,roll
13,-1,-1,100,4,1,roll
13,1,1,100,2,1,roll
13,1,1,100,2,1,roll
13,1,-1,50,0.2,0,roll
13,1,1,55,0.5,1,roll
13,1,1,90,0.5,1,roll
13,1,1,50,0.9,1,roll
13,-1,-1,100,4,1,roll
13,-1,-1,100,0.9,1,roll
13,1,1,100,4,1,roll
13,1,1,100,0.9,1,roll
13,-1,-1,100,2,1,roll
13,-1,-1,85,0.9,1,roll
13,1,1,100,2,1,roll
13,1,1,50,0.5,1,roll
13,-1,-1,85,0.5,1,roll
13,1,1,100,7,1,roll
13,-1,-1,100,2,1,roll
13,-1,-1,100,4,1,roll
13,-1,-1,50,2,1,roll
13,1,1,100,2,1,roll
13,1,1,100,7,1,roll
13,-1,-1,100,4,1,roll
13,-1,-1,100,2,1,roll
13,1,1,100,4,1,roll
13,1,1,100,2,1,roll
13,1,-1,50,0.5,0,roll
13,1,1,85,0.9,1,roll
13,-1,-1,55,0.5,1,roll
13,-1,-1,60,0.9,1,roll
13,1,1,60,0.9,1,roll
13,-1,-1,65,0.5,1,roll
13,-1,-1,100,2,1,roll
13,1,1,100,2,1,roll
13,-1,-1,55,0.2,1,roll
13,-1,-1,100,2,1,roll
13,-1,-1,90,0.9,1,roll
13,1,1,100,0.9,1,roll
13,1,1,100,2,1,roll
13,1,1,100,2,1,roll
13,-1,-1,65,0.9,1,roll
13,1,1,50,0.5,1,roll
13,-1,-1,100,2,1,roll
13,1,1,55,0.9,1,roll
13,1,1,55,0.5,1,roll
13,-1,-1,60,0.5,1,roll
13,1,1,95,0.9,1,roll
13,-1,-1,100,2,1,roll
13,-1,-1,100,0.9,1,roll
13,-1,-1,100,4,1,roll
13,1,1,100,7,1,roll
13,1,1,100,2,1,roll
13,-1,-1,60,0.9,1,roll
13,-1,-1,100,2,1,roll
13,-1,-1,100,2,1,roll
13,-1,-1,100,4,1,roll
13,1,1,100,0.9,1,roll
13,1,1,100,4,1,roll
13,-1,-1,70,0.5,1,roll
13,-1,-1,90,0.9,1,roll
14,1,-1,55,0.2,0,yaw
14,-1,-1,100,7,1,yaw
14,-1,-1,60,0.9,1,yaw
14,1,1,70,0.9,1,yaw
14,-1,1,50,0.5,0,yaw
14,-1,-1,55,0.9,1,yaw
14,1,1,100,2,1,yaw
14,-1,-1,100,2,1,yaw
14,-1,1,60,0.9,0,yaw
14,-1,-1,55,0.5,1,yaw
14,1,1,85,0.9,1,yaw
14,1,1,65,2,1,yaw
14,-1,-1,90,0.9,1,yaw
14,-1,-1,100,4,1,yaw
14,1,1,80,0.9,1,yaw
14,-1,-1,70,2,1,yaw
14,-1,-1,65,2,1,yaw
14,-1,-1,50,0.5,1,yaw
14,-1,1,50,2,0,yaw
14,1,1,50,0.2,1,yaw
14,1,1,100,2,1,yaw
14,1,1,100,0.9,1,yaw
14,1,1,50,0.5,1,yaw
14,1,1,50,0.5,1,yaw
14,-1,-1,55,0.5,1,yaw
14,-1,-1,90,0.9,1,yaw
14,-1,-1,100,7,1,yaw
14,-1,-1,80,0.9,1,yaw
14,1,1,100,2,1,yaw
14,1,1,90,0.9,1,yaw
14,-1,-1,80,0.9,1,yaw
14,-1,-1,55,0.9,1,yaw
14,-1,1,50,0.2,0,yaw
14,1,1,50,0.5,1,yaw
14,-1,-1,100,0.9,1,yaw
14,1,1,95,0.5,1,yaw
14,-1,-1,100,2,1,yaw
14,1,1,100,2,1,yaw
14,-1,1,60,0.5,0,yaw
14,-1,-1,60,2,1,yaw
14,-1,-1,100,4,1,yaw
14,1,1,75,2,1,yaw
14,1,1,85,2,1,yaw
14,1,1,60,0.2,1,yaw
14,1,1,60,0.5,1,yaw
14,1,1,55,0.5,1,yaw
14,1,1,65,0.9,1,yaw
14,-1,-1,100,4,1,yaw
14,-1,1,70,0.9,0,yaw
14,1,1,100,4,1,yaw
14,1,1,75,0.9,1,yaw
14,-1,-1,100,2,1,yaw
14,-1,-1,80,0.9,1,yaw
14,1,1,100,2,1,yaw
14,1,-1,50,0.5,0,yaw
14,-1,-1,55,0.5,1,yaw
14,1,1,100,7,1,yaw
14,-1,-1,90,2,1,yaw
14,-1,-1,80,4,1,yaw
14,-1,-1,100,2,1,yaw
14,1,1,65,2,1,yaw
14,1,1,100,7,1,yaw
14,-1,-1,100,4,1,yaw
14,-1,-1,90,2,1,yaw
14,1,1,100,4,1,yaw
14,1,1,85,2,1,yaw
14,1,1,60,0.5,1,yaw
14,1,1,55,0.9,1,yaw
14,-1,-1,50,0.5,1,yaw
14,-1,-1,55,0.9,1,yaw
14,1,1,70,0.9,1,yaw
14,-1,-1,60,0.5,1,yaw
14,-1,1,50,2,0,yaw
14,1,1,100,2,1,yaw
14,-1,1,70,0.2,0,yaw
14,-1,-1,80,2,1,yaw
14,-1,-1,50,0.9,1,yaw
14,1,1,95,0.9,1,yaw
14,1,1,70,2,1,yaw
14,1,1,95,2,1,yaw
14,-1,-1,100,0.9,1,yaw
14,1,1,70,0.5,1,yaw
14,-1,-1,100,2,1,yaw
14,1,1,75,0.9,1,yaw
14,1,-1,50,0.5,0,yaw
14,-1,-1,50,0.5,1,yaw
14,1,1,90,0.9,1,yaw
14,-1,-1,100,2,1,yaw
14,-1,1,55,0.9,0,yaw
14,-1,-1,100,4,1,yaw
14,1,1,100,7,1,yaw
14,1,1,95,2,1,yaw
14,-1,-1,60,0.9,1,yaw
14,-1,-1,55,2,1,yaw
14,-1,-1,65,2,1,yaw
14,-1,-1,100,4,1,yaw
14,1,1,85,0.9,1,yaw
14,1,1,100,4,1,yaw
14,-1,-1,65,0.5,1,yaw
14,-1,-1,50,0.9,1,yaw
14,1,1,55,0.2,1,roll
14,-1,-1,100,7,1,roll
14,-1,-1,70,0.9,1,roll
14,1,1,95,0.9,1,roll
14,-1,-1,100,0.5,1,roll
14,-1,-1,100,0.9,1,roll
14,1,1,100,2,1,roll
14,-1,-1,100,2,1,roll
14,-1,-1,100,0.9,1,roll
14,-1,-1,90,0.5,1,roll
14,1,1,100,0.9,1,roll
14,1,1,100,2,1,roll
14,-1,-1,95,0.9,1,roll
14,-1,-1,100,4,1,roll
14,1,1,75,0.9,1,roll
14,-1,-1,100,2,1,roll
14,-1,-1,85,2,1,roll
14,-1,-1,70,0.5,1,roll
14,-1,-1,100,2,1,roll
14,1,1,65,0.2,1,roll
14,1,1,85,2,1,roll
14,1,1,80,0.9,1,roll
14,1,-1,50,0.5,0,roll
14,1,1,55,0.5,1,roll
14,-1,-1,60,0.5,1,roll
14,-1,-1,90,0.9,1,roll
14,-1,-1,100,7,1,roll
14,-1,-1,90,0.9,1,roll
14,1,1,100,2,1,roll
14,1,1,85,0.9,1,roll
14,-1,-1,80,0.9,1,roll
14,-1,-1,100,0.9,1,roll
14,-1,-1,75,0.2,1,roll
14,1,-1,50,0.5,0,roll
14,-1,-1,65,0.9,1,roll
14,1,1,65,0.5,1,roll
14,-1,-1,100,2,1,roll
14,1,1,100,2,1,roll
14,-1,-1,65,0.5,1,roll
14,-1,-1,100,2,1,roll
14,-1,-1,100,4,1,roll
14,1,1,100,2,1,roll
14,1,1,100,2,1,roll
14,1,-1,55,0.2,0,roll
14,1,-1,55,0.5,0,roll
14,1,1,60,0.5,1,roll
14,1,1,100,0.9,1,roll
14,-1,-1,100,4,1,roll
14,-1,-1,100,0.9,1,roll
14,1,1,100,4,1,roll
14,1,1,100,0.9,1,roll
14,-1,-1,100,2,1,roll
14,-1,1,95,0.9,0,roll
14,1,1,60,2,1,roll
14,1,1,55,0.5,1,roll
14,-1,-1,55,0.5,1,roll
14,1,1,100,7,1,roll
14,-1,-1,100,2,1,roll
14,-1,-1,100,4,1,roll
14,-1,-1,100,2,1,roll
14,1,1,100,2,1,roll
14,1,1,100,7,1,roll
14,-1,-1,100,4,1,roll
14,-1,-1,85,2,1,roll
14,1,1,100,4,1,roll
14,1,1,100,2,1,roll
14,1,-1,50,0.5,0,roll
14,1,1,85,0.9,1,roll
14,-1,-1,55,0.5,1,roll
14,-1,-1,65,0.9,1,roll
14,1,1,75,0.9,1,roll
14,-1,-1,55,0.5,1,roll
14,-1,-1,90,2,1,roll
14,1,1,100,2,1,roll
14,-1,-1,60,0.2,1,roll
14,-1,-1,100,2,1,roll
14,-1,-1,70,0.9,1,roll
14,1,1,90,0.9,1,roll
14,1,1,100,2,1,roll
14,1,1,100,2,1,roll
14,-1,-1,75,0.9,1,roll
14,1,-1,55,0.5,0,roll
14,-1,-1,100,2,1,roll
14,1,1,85,0.9,1,roll
14,1,1,85,0.5,1,roll
14,-1,-1,55,0.5,1,roll
14,1,1,75,0.9,1,roll
14,-1,-1,100,2,1,roll
14,-1,-1,100,0.9,1,roll
14,-1,-1,100,4,1,roll
14,1,1,100,7,1,roll
14,1,1,100,2,1,roll
14,-1,-1,75,0.9,1,roll
14,-1,-1,100,2,1,roll
14,-1,-1,100,2,1,roll
14,-1,-1,100,4,1,roll
14,1,1,55,0.9,1,roll
14,1,1,100,4,1,roll
14,-1,-1,50,0.5,1,roll
14,-1,-1,100,0.9,1,roll
14,-1,1,50,0.2,0,pitch
14,1,1,100,7,1,pitch
14,1,1,85,0.9,1,pitch
14,-1,-1,80,0.9,1,pitch
14,1,1,50,0.5,1,pitch
14,1,1,80,0.9,1,pitch
14,-1,-1,100,2,1,pitch
14,1,1,100,2,1,pitch
14,1,1,85,0.9,1,pitch
14,1,1,60,0.5,1,pitch
14,-1,-1,55,0.9,1,pitch
14,-1,-1,100,2,1,pitch
14,1,1,70,0.9,1,pitch
14,1,1,100,4,1,pitch
14,-1,-1,80,0.9,1,pitch
14,1,1,90,2,1,pitch
14,1,1,90,2,1,pitch
14,1,-1,50,0.5,0,pitch
14,1,1,100,2,1,pitch
14,-1,-1,50,0.2,1,pitch
14,-1,-1,100,2,1,pitch
14,-1,-1,85,0.9,1,pitch
14,-1,-1,50,0.5,1,pitch
14,-1,1,50,0.5,0,pitch
14,1,1,75,0.5,1,pitch
14,1,1,80,0.9,1,pitch
14,1,1,100,7,1,pitch
14,1,1,90,0.9,1,pitch
14,-1,-1,100,2,1,pitch
14,-1,-1,80,0.9,1,pitch
14,1,1,70,0.9,1,pitch
14,1,1,75,0.9,1,pitch
14,1,1,55,0.2,1,pitch
14,-1,-1,50,0.5,1,pitch
14,1,-1,60,0.9,0,pitch
14,-1,-1,50,0.5,1,pitch
14,1,-1,55,2,0,pitch
14,-1,-1,100,2,1,pitch
14,1,1,60,0.5,1,pitch
14,1,1,100,2,1,pitch
14,1,1,100,4,1,pitch
14,-1,-1,100,2,1,pitch
14,-1,-1,100,2,1,pitch
14,-1,-1,50,0.2,1,pitch
14,-1,-1,50,0.5,1,pitch
14,-1,1,50,0.5,0,pitch
14,-1,-1,65,0.9,1,pitch
14,1,1,100,4,1,pitch
14,1,-1,65,0.9,0,pitch
14,-1,-1,100,4,1,pitch
14,-1,-1,75,0.9,1,pitch
14,1,1,90,2,1,pitch
14,1,-1,55,0.9,0,pitch
14,-1,-1,100,2,1,pitch
14,-1,1,50,0.5,0,pitch
14,1,1,50,0.5,1,pitch
14,-1,-1,100,7,1,pitch
14,1,1,100,2,1,pitch
14,1,1,80,4,1,pitch
14,1,1,85,2,1,pitch
14,-1,-1,100,2,1,pitch
14,-1,-1,100,7,1,pitch
14,1,1,100,4,1,pitch
14,1,1,85,2,1,pitch
14,-1,-1,100,4,1,pitch
14,-1,-1,75,2,1,pitch
14,-1,-1,50,0.5,1,pitch
14,-1,-1,50,0.9,1,pitch
14,1,-1,55,0.5,0,pitch
14,1,1,55,0.9,1,pitch
14,-1,-1,55,0.9,1,pitch
14,1,1,60,0.5,1,pitch
14,1,1,85,2,1,pitch
14,-1,-1,100,2,1,pitch
14,1,-1,70,0.2,0,pitch
14,1,1,100,2,1,pitch
14,1,1,60,0.9,1,pitch
14,-1,-1,65,0.9,1,pitch
14,-1,-1,85,2,1,pitch
14,-1,-1,85,2,1,pitch
14,1,1,75,0.9,1,pitch
14,-1,1,50,0.5,0,pitch
14,1,1,95,2,1,pitch
14,-1,-1,85,0.9,1,pitch
14,-1,-1,75,0.5,1,pitch
14,1,1,50,0.5,1,pitch
14,-1,-1,80,0.9,1,pitch
14,1,1,100,2,1,pitch
14,1,1,85,0.9,1,pitch
14,1,1,100,4,1,pitch
14,-1,-1,100,7,1,pitch
14,-1,-1,100,2,1,pitch
14,1,1,55,0.9,1,pitch
14,1,1,60,2,1,pitch
14,1,1,70,2,1,pitch
14,1,1,95,4,1,pitch
14,-1,-1,55,0.9,1,pitch
14,-1,-1,100,4,1,pitch
14,1,-1,55,0.5,0,pitch
14,1,1,55,0.9,1,pitch
15,1,-1,50,0.2,0,yaw
15,-1,-1,95,7,1,yaw
15,-1,-1,50,0.9,1,yaw
15,1,-1,75,0.9,0,yaw
15,-1,1,50,0.5,0,yaw
15,-1,-1,50,0.9,1,yaw
15,1,-1,65,2,0,yaw
15,-1,-1,95,2,1,yaw
15,-1,-1,50,0.9,1,yaw
15,-1,-1,50,0.5,1,yaw
15,1,-1,80,0.9,0,yaw
15,1,1,50,2,1,yaw
15,-1,1,70,0.9,0,yaw
15,-1,-1,90,4,1,yaw
15,1,1,80,0.9,1,yaw
15,-1,-1,80,2,1,yaw
15,-1,-1,60,2,1,yaw
15,-1,1,50,0.5,0,yaw
15,-1,-1,75,2,1,yaw
15,1,1,50,0.2,1,yaw
15,1,1,90,2,1,yaw
15,1,1,75,0.9,1,yaw
15,1,1,50,0.5,1,yaw
15,1,1,50,0.5,1,yaw
15,-1,1,60,0.5,0,yaw
15,-1,-1,50,0.9,1,yaw
15,-1,-1,100,7,1,yaw
15,-1,-1,80,0.9,1,yaw
15,1,1,65,2,1,yaw
15,1,1,60,0.9,1,yaw
15,-1,-1,80,0.9,1,yaw
15,-1,-1,50,0.9,1,yaw
15,-1,1,50,0.2,0,yaw
15,1,1,80,0.5,1,yaw
15,-1,-1,85,0.9,1,yaw
15,1,1,70,0.5,1,yaw
15,-1,-1,80,2,1,yaw
15,1,1,80,2,1,yaw
15,-1,1,85,0.5,0,yaw
15,-1,-1,50,2,1,yaw
15,-1,-1,95,4,1,yaw
15,1,1,85,2,1,yaw
15,1,1,75,2,1,yaw
15,1,1,55,0.2,1,yaw
15,1,1,50,0.5,1,yaw
15,1,-1,50,0.5,0,yaw
15,1,1,50,0.9,1,yaw
15,-1,-1,100,4,1,yaw
15,-1,-1,50,0.9,1,yaw
15,1,1,90,4,1,yaw
15,1,1,80,0.9,1,yaw
15,-1,1,60,2,0,yaw
15,-1,-1,85,0.9,1,yaw
15,1,1,85,2,1,yaw
15,1,-1,70,0.5,0,yaw
15,-1,-1,50,0.5,1,yaw
15,1,1,100,7,1,yaw
15,-1,-1,100,2,1,yaw
15,-1,-1,85,4,1,yaw
15,-1,-1,90,2,1,yaw
15,1,1,75,2,1,yaw
15,1,1,100,7,1,yaw
15,-1,-1,100,4,1,yaw
15,-1,-1,90,2,1,yaw
15,1,1,95,4,1,yaw
15,1,1,95,2,1,yaw
15,1,-1,50,0.5,0,yaw
15,1,1,70,0.9,1,yaw
15,-1,1,75,0.5,0,yaw
15,-1,-1,65,0.9,1,yaw
15,1,1,85,0.9,1,yaw
15,-1,-1,90,0.5,1,yaw
15,-1,-1,80,2,1,yaw
15,1,1,55,2,1,yaw
15,-1,-1,50,0.2,1,yaw
15,-1,-1,50,2,1,yaw
15,-1,-1,50,0.9,1,yaw
15,1,1,60,0.9,1,yaw
15,1,1,85,2,1,yaw
15,1,1,70,2,1,yaw
15,-1,1,50,0.9,0,yaw
15,1,1,50,0.5,1,yaw
15,-1,-1,85,2,1,yaw
15,1,-1,50,0.9,0,yaw
15,1,-1,50,0.5,0,yaw
15,-1,-1,90,0.5,1,yaw
15,1,1,60,0.9,1,yaw
15,-1,-1,95,2,1,yaw
15,-1,-1,50,0.9,1,yaw
15,-1,-1,70,4,1,yaw
15,1,1,100,7,1,yaw
15,1,1,100,2,1,yaw
15,-1,-1,100,0.9,1,yaw
15,-1,-1,90,2,1,yaw
15,-1,-1,80,2,1,yaw
15,-1,-1,70,4,1,yaw
15,1,1,50,0.9,1,yaw
15,1,1,85,4,1,yaw
15,-1,1,50,0.5,0,yaw
15,-1,-1,50,0.9,1,yaw
15,-1,-1,80,0.2,1,pitch
15,1,1,90,7,1,pitch
15,1,1,95,0.9,1,pitch
15,-1,-1,50,0.9,1,pitch
15,1,1,50,0.5,1,pitch
15,1,1,50,0.9,1,pitch
15,-1,-1,70,2,1,pitch
15,1,1,90,2,1,pitch
15,1,1,95,0.9,1,pitch
15,1,1,100,0.5,1,pitch
15,-1,-1,60,0.9,1,pitch
15,-1,-1,75,2,1,pitch
15,1,1,80,0.9,1,pitch
15,1,1,100,4,1,pitch
15,-1,-1,85,0.9,1,pitch
15,1,1,50,2,1,pitch
15,1,1,65,2,1,pitch
15,1,-1,50,0.5,0,pitch
15,1,1,70,2,1,pitch
15,-1,-1,95,0.2,1,pitch
15,-1,-1,100,2,1,pitch
15,-1,-1,50,0.9,1,pitch
15,-1,-1,50,0.5,1,pitch
15,-1,-1,70,0.5,1,pitch
15,1,1,50,0.5,1,pitch
15,1,1,80,0.9,1,pitch
15,1,1,100,7,1,pitch
15,1,1,90,0.9,1,pitch
15,-1,-1,65,2,1,pitch
15,-1,-1,60,0.9,1,pitch
15,1,1,75,0.9,1,pitch
15,1,1,75,0.9,1,pitch
15,1,-1,50,0.2,0,pitch
15,-1,-1,70,0.5,1,pitch
15,1,1,80,0.9,1,pitch
15,-1,-1,50,0.5,1,pitch
15,1,-1,50,2,0,pitch
15,-1,-1,90,2,1,pitch
15,1,-1,50,0.5,0,pitch
15,1,1,80,2,1,pitch
15,1,1,65,4,1,pitch
15,-1,1,50,2,0,pitch
15,-1,1,50,2,0,pitch
15,-1,-1,80,0.2,1,pitch
15,-1,-1,50,0.5,1,pitch
15,-1,-1,50,0.5,1,pitch
15,-1,-1,80,0.9,1,pitch
15,1,1,75,4,1,pitch
15,1,1,75,0.9,1,pitch
15,-1,-1,85,4,1,pitch
15,-1,-1,90,0.9,1,pitch
15,1,1,60,2,1,pitch
15,1,1,60,0.9,1,pitch
15,-1,-1,90,2,1,pitch
15,-1,-1,50,0.5,1,pitch
15,1,1,50,0.5,1,pitch
15,-1,-1,100,7,1,pitch
15,1,1,65,2,1,pitch
15,1,1,70,4,1,pitch
15,1,1,50,2,1,pitch
15,-1,-1,50,2,1,pitch
15,-1,-1,100,7,1,pitch
15,1,1,80,4,1,pitch
15,1,1,50,2,1,pitch
15,-1,-1,90,4,1,pitch
15,-1,-1,70,2,1,pitch
15,-1,-1,50,0.5,1,pitch
15,-1,-1,60,0.9,1,pitch
15,1,1,50,0.5,1,pitch
15,1,1,75,0.9,1,pitch
15,-1,-1,65,0.9,1,pitch
15,1,-1,50,0.5,0,pitch
15,1,-1,50,2,0,pitch
15,-1,-1,70,2,1,pitch
15,1,1,50,0.2,1,pitch
15,1,1,50,2,1,pitch
15,1,1,65,0.9,1,pitch
15,-1,-1,60,0.9,1,pitch
15,-1,-1,85,2,1,pitch
15,-1,-1,75,2,1,pitch
15,1,1,50,0.9,1,pitch
15,-1,-1,50,0.5,1,pitch
15,1,1,65,2,1,pitch
15,-1,-1,55,0.9,1,pitch
15,-1,-1,70,0.5,1,pitch
15,1,1,50,0.5,1,pitch
15,-1,1,50,0.9,0,pitch
15,1,1,70,2,1,pitch
15,1,1,60,0.9,1,pitch
15,1,1,90,4,1,pitch
15,-1,-1,55,7,1,pitch
15,-1,-1,80,2,1,pitch
15,1,1,65,0.9,1,pitch
15,1,1,75,2,1,pitch
15,1,1,80,2,1,pitch
15,1,1,80,4,1,pitch
15,-1,-1,50,0.9,1,pitch
15,-1,-1,90,4,1,pitch
15,1,1,50,0.5,1,pitch
15,1,1,60,0.9,1,pitch
15,1,1,50,0.2,1,roll
15,-1,-1,85,7,1,roll
15,-1,-1,90,0.9,1,roll
15,1,-1,50,0.9,0,roll
15,-1,1,50,0.5,0,roll
15,-1,-1,60,0.9,1,roll
15,1,1,70,2,1,roll
15,-1,-1,70,2,1,roll
15,-1,-1,60,0.9,1,roll
15,-1,-1,50,0.5,1,roll
15,1,1,80,0.9,1,roll
15,1,1,55,2,1,roll
15,-1,-1,50,0.9,1,roll
15,-1,-1,85,4,1,roll
15,1,1,70,0.9,1,roll
15,-1,-1,75,2,1,roll
15,-1,-1,50,2,1,roll
15,-1,-1,60,0.5,1,roll
15,-1,-1,50,2,1,roll
15,1,-1,50,0.2,0,roll
15,1,1,65,2,1,roll
15,1,1,70,0.9,1,roll
15,1,1,70,0.5,1,roll
15,1,1,50,0.5,1,roll
15,-1,1,50,0.5,0,roll
15,-1,-1,70,0.9,1,roll
15,-1,-1,100,7,1,roll
15,-1,-1,50,0.9,1,roll
15,1,1,60,2,1,roll
15,1,1,65,0.9,1,roll
15,-1,-1,75,0.9,1,roll
15,-1,-1,80,0.9,1,roll
15,-1,-1,50,0.2,1,roll
15,1,1,50,0.5,1,roll
15,-1,-1,65,0.9,1,roll
15,1,1,70,0.5,1,roll
15,-1,1,50,2,0,roll
15,1,1,85,2,1,roll
15,-1,1,50,0.5,0,roll
15,-1,-1,80,2,1,roll
15,-1,-1,90,4,1,roll
15,1,1,95,2,1,roll
15,1,1,85,2,1,roll
15,1,1,50,0.2,1,roll
15,1,1,50,0.5,1,roll
15,1,1,65,0.5,1,roll
15,1,-1,50,0.9,0,roll
15,-1,-1,75,4,1,roll
15,-1,-1,80,0.9,1,roll
15,1,1,95,4,1,roll
15,1,1,80,0.9,1,roll
15,-1,-1,50,2,1,roll
15,-1,-1,50,0.9,1,roll
15,1,1,75,2,1,roll
15,1,1,75,0.5,1,roll
15,-1,-1,65,0.5,1,roll
15,1,1,100,7,1,roll
15,-1,-1,65,2,1,roll
15,-1,-1,90,4,1,roll
15,-1,-1,70,2,1,roll
15,1,1,80,2,1,roll
15,1,1,100,7,1,roll
15,-1,-1,100,4,1,roll
15,-1,-1,70,2,1,roll
15,1,1,90,4,1,roll
15,1,1,60,2,1,roll
15,1,1,50,0.5,1,roll
15,1,1,50,0.9,1,roll
15,-1,-1,50,0.5,1,roll
15,-1,-1,65,0.9,1,roll
15,1,1,60,0.9,1,roll
15,-1,1,50,0.5,0,roll
15,-1,-1,65,2,1,roll
15,1,1,80,2,1,roll
15,-1,1,50,0.2,0,roll
15,-1,-1,90,2,1,roll
15,-1,-1,70,0.9,1,roll
15,1,1,50,0.9,1,roll
15,1,1,75,2,1,roll
15,1,1,65,2,1,roll
15,-1,-1,85,0.9,1,roll
15,1,1,65,0.5,1,roll
15,-1,-1,80,2,1,roll
15,1,1,90,0.9,1,roll
15,1,1,85,0.5,1,roll
15,-1,-1,70,0.5,1,roll
15,1,1,60,0.9,1,roll
15,-1,-1,75,2,1,roll
15,-1,-1,50,0.9,1,roll
15,-1,-1,80,4,1,roll
15,1,1,90,7,1,roll
15,1,1,85,2,1,roll
15,-1,-1,50,0.9,1,roll
15,-1,-1,80,2,1,roll
15,-1,-1,75,2,1,roll
15,-1,-1,90,4,1,roll
15,1,1,70,0.9,1,roll
15,1,1,95,4,1,roll
15,-1,-1,60,0.5,1,roll
15,-1,-1,60,0.9,1,roll
16,1,1,100,0.2,1,yaw
16,-1,-1,100,7,1,yaw
16,-1,1,90,0.9,0,yaw
16,1,1,100,0.9,1,yaw
16,-1,-1,90,0.5,1,yaw
16,-1,1,100,0.9,0,yaw
16,1,1,100,2,1,yaw
16,-1,-1,100,2,1,yaw
16,-1,1,100,0.9,0,yaw
16,-1,1,50,0.5,0,yaw
16,1,1,100,0.9,1,yaw
16,1,1,100,2,1,yaw
16,-1,-1,100,0.9,1,yaw
16,-1,-1,100,4,1,yaw
16,1,1,100,0.9,1,yaw
16,-1,-1,50,2,1,yaw
16,-1,1,50,2,0,yaw
16,-1,1,50,0.5,0,yaw
16,-1,-1,50,2,1,yaw
16,1,1,100,0.2,1,yaw
16,1,1,50,2,1,yaw
16,1,1,50,0.9,1,yaw
16,1,-1,50,0.5,0,yaw
16,1,1,100,0.5,1,yaw
16,-1,1,50,0.5,0,yaw
16,-1,1,100,0.9,0,yaw
16,-1,-1,100,7,1,yaw
16,-1,1,100,0.9,0,yaw
16,1,1,100,2,1,yaw
16,1,1,50,0.9,1,yaw
16,-1,-1,50,0.9,1,yaw
16,-1,1,50,0.9,0,yaw
16,-1,1,50,0.2,0,yaw
16,1,1,100,0.5,1,yaw
16,-1,-1,100,0.9,1,yaw
16,1,1,50,0.5,1,yaw
16,-1,-1,100,2,1,yaw
16,1,1,100,2,1,yaw
16,-1,-1,50,0.5,1,yaw
16,-1,1,50,2,0,yaw
16,-1,-1,100,4,1,yaw
16,1,1,100,2,1,yaw
16,1,-1,50,2,0,yaw
16,1,-1,50,0.2,0,yaw
16,1,1,55,0.5,1,yaw
16,1,-1,50,0.5,0,yaw
16,1,1,100,0.9,1,yaw
16,-1,-1,100,4,1,yaw
16,-1,-1,100,0.9,1,yaw
16,1,1,100,4,1,yaw
16,1,1,50,0.9,1,yaw
16,-1,-1,100,2,1,yaw
16,-1,1,50,0.9,0,yaw
16,1,1,60,2,1,yaw
16,1,-1,50,0.5,0,yaw
16,-1,1,50,0.5,0,yaw
16,1,1,100,7,1,yaw
16,-1,-1,100,2,1,yaw
16,-1,-1,100,4,1,yaw
16,-1,1,50,2,0,yaw
16,1,1,100,2,1,yaw
16,1,1,100,7,1,yaw
16,-1,-1,100,4,1,yaw
16,-1,-1,90,2,1,yaw
16,1,-1,100,4,0,yaw
16,1,-1,100,2,0,yaw
16,1,1,50,0.5,1,yaw
16,1,1,50,0.9,1,yaw
16,-1,1,50,0.5,0,yaw
16,-1,-1,50,0.9,1,yaw
16,1,1,100,0.9,1,yaw
16,-1,-1,50,0.5,1,yaw
16,-1,1,90,2,0,yaw
16,1,1,100,2,1,yaw
16,-1,1,75,0.2,0,yaw
16,-1,-1,50,2,1,yaw
16,-1,1,100,0.9,0,yaw
16,1,1,100,0.9,1,yaw
16,1,1,100,2,1,yaw
16,1,1,100,2,1,yaw
16,-1,-1,50,0.9,1,yaw
16,1,1,50,0.5,1,yaw
16,-1,-1,100,2,1,yaw
16,1,1,100,0.9,1,yaw
16,1,-1,50,0.5,0,yaw
16,-1,-1,50,0.5,1,yaw
16,1,1,100,0.9,1,yaw
16,-1,-1,100,2,1,yaw
16,-1,-1,75,0.9,1,yaw
16,-1,-1,100,4,1,yaw
16,1,1,100,7,1,yaw
16,1,1,100,2,1,yaw
16,-1,-1,75,0.9,1,yaw
16,-1,1,50,2,0,yaw
16,-1,-1,50,2,1,yaw
16,-1,-1,100,4,1,yaw
16,1,1,75,0.9,1,yaw
16,1,1,75,4,1,yaw
16,-1,-1,50,0.5,1,yaw
16,-1,1,50,0.9,0,yaw
16,-1,-1,50,0.2,1,pitch
16,1,1,100,7,1,pitch
16,1,1,75,0.9,1,pitch
16,-1,-1,70,0.9,1,pitch
16,1,1,50,0.5,1,pitch
16,1,1,100,0.9,1,pitch
16,-1,-1,50,2,1,pitch
16,1,1,100,2,1,pitch
16,1,1,50,0.9,1,pitch
16,1,-1,50,0.5,0,pitch
16,-1,1,80,0.9,0,pitch
16,-1,-1,100,2,1,pitch
16,1,1,50,0.9,1,pitch
16,1,1,100,4,1,pitch
16,-1,-1,100,0.9,1,pitch
16,1,1,60,2,1,pitch
16,1,1,100,2,1,pitch
16,1,-1,50,0.5,0,pitch
16,1,1,80,2,1,pitch
16,-1,-1,60,0.2,1,pitch
16,-1,-1,90,2,1,pitch
16,-1,-1,50,0.9,1,pitch
16,-1,1,50,0.5,0,pitch
16,-1,-1,75,0.5,1,pitch
16,1,-1,60,0.5,0,pitch
16,1,1,70,0.9,1,pitch
16,1,1,100,7,1,pitch
16,1,1,60,0.9,1,pitch
16,-1,-1,100,2,1,pitch
16,-1,1,70,0.9,0,pitch
16,1,1,75,0.9,1,pitch
16,1,1,70,0.9,1,pitch
16,1,1,55,0.2,1,pitch
16,-1,-1,50,0.5,1,pitch
16,1,1,60,0.9,1,pitch
16,-1,-1,60,0.5,1,pitch
16,1,1,90,2,1,pitch
16,-1,-1,100,2,1,pitch
16,1,1,95,0.5,1,pitch
16,1,1,90,2,1,pitch
16,1,1,90,4,1,pitch
16,-1,-1,90,2,1,pitch
16,-1,-1,95,2,1,pitch
16,-1,1,50,0.2,0,pitch
16,-1,-1,60,0.5,1,pitch
16,-1,1,50,0.5,0,pitch
16,-1,1,65,0.9,0,pitch
16,1,1,100,4,1,pitch
16,1,1,90,0.9,1,pitch
16,-1,-1,100,4,1,pitch
16,-1,1,50,0.9,0,pitch
16,1,1,100,2,1,pitch
16,1,1,50,0.9,1,pitch
16,-1,-1,50,2,1,pitch
16,-1,-1,50,0.5,1,pitch
16,1,1,60,0.5,1,pitch
16,-1,-1,100,7,1,pitch
16,1,1,100,2,1,pitch
16,1,1,100,4,1,pitch
16,1,1,100,2,1,pitch
16,-1,-1,100,2,1,pitch
16,-1,-1,100,7,1,pitch
16,1,1,100,4,1,pitch
16,1,1,90,2,1,pitch
16,-1,-1,100,4,1,pitch
16,-1,-1,90,2,1,pitch
16,-1,1,50,0.5,0,pitch
16,-1,-1,60,0.9,1,pitch
16,1,1,65,0.5,1,pitch
16,1,1,60,0.9,1,pitch
16,-1,-1,60,0.9,1,pitch
16,1,1,60,0.5,1,pitch
16,1,1,75,2,1,pitch
16,-1,-1,80,2,1,pitch
16,1,1,60,0.2,1,pitch
16,1,1,70,2,1,pitch
16,1,1,65,0.9,1,pitch
16,-1,-1,70,0.9,1,pitch
16,-1,-1,70,2,1,pitch
16,-1,-1,90,2,1,pitch
16,1,1,100,0.9,1,pitch
16,-1,-1,50,0.5,1,pitch
16,1,-1,70,2,0,pitch
16,-1,-1,80,0.9,1,pitch
16,-1,-1,70,0.5,1,pitch
16,1,1,60,0.5,1,pitch
16,-1,-1,50,0.9,1,pitch
16,1,-1,100,2,0,pitch
16,1,1,100,0.9,1,pitch
16,1,1,100,4,1,pitch
16,-1,-1,100,7,1,pitch
16,-1,-1,90,2,1,pitch
16,1,1,90,0.9,1,pitch
16,1,1,90,2,1,pitch
16,1,1,100,2,1,pitch
16,1,1,100,4,1,pitch
16,-1,-1,80,0.9,1,pitch
16,-1,-1,100,4,1,pitch
16,1,1,70,0.5,1,pitch
16,1,1,70,0.9,1,pitch
16,1,1,50,0.2,1,roll
16,-1,-1,100,7,1,roll
16,-1,-1,90,0.9,1,roll
16,1,1,70,0.9,1,roll
16,-1,-1,50,0.5,1,roll
16,-1,-1,75,0.9,1,roll
16,1,1,80,2,1,roll
16,-1,-1,85,2,1,roll
16,-1,-1,90,0.9,1,roll
16,-1,-1,85,0.5,1,roll
16,1,1,70,0.9,1,roll
16,1,1,75,2,1,roll
16,-1,-1,60,0.9,1,roll
16,-1,-1,100,4,1,roll
16,1,1,80,0.9,1,roll
16,-1,-1,80,2,1,roll
16,-1,-1,100,2,1,roll
16,-1,-1,55,0.5,1,roll
16,-1,-1,85,2,1,roll
16,1,1,50,0.2,1,roll
16,1,1,80,2,1,roll
16,1,1,70,0.9,1,roll
16,1,1,70,0.5,1,roll
16,1,1,65,0.5,1,roll
16,-1,-1,65,0.5,1,roll
16,-1,-1,90,0.9,1,roll
16,-1,-1,100,7,1,roll
16,-1,-1,80,0.9,1,roll
16,1,1,90,2,1,roll
16,1,1,75,0.9,1,roll
16,-1,-1,50,0.9,1,roll
16,-1,-1,75,0.9,1,roll
16,-1,1,50,0.2,0,roll
16,1,1,50,0.5,1,roll
16,-1,-1,100,0.9,1,roll
16,1,1,50,0.5,1,roll
16,-1,-1,100,2,1,roll
16,1,1,75,2,1,roll
16,-1,-1,75,0.5,1,roll
16,-1,-1,100,2,1,roll
16,-1,-1,100,4,1,roll
16,1,1,80,2,1,roll
16,1,1,75,2,1,roll
16,1,-1,60,0.2,0,roll
16,1,1,50,0.5,1,roll
16,1,-1,65,0.5,0,roll
16,1,1,70,0.9,1,roll
16,-1,-1,100,4,1,roll
16,-1,-1,85,0.9,1,roll
16,1,1,100,4,1,roll
16,1,-1,65,0.9,0,roll
16,-1,-1,90,2,1,roll
16,-1,-1,85,0.9,1,roll
16,1,1,85,2,1,roll
16,1,1,80,0.5,1,roll
16,-1,-1,55,0.5,1,roll
16,1,1,100,7,1,roll
16,-1,-1,80,2,1,roll
16,-1,-1,100,4,1,roll
16,-1,-1,65,2,1,roll
16,1,1,80,2,1,roll
16,1,1,100,7,1,roll
16,-1,-1,100,4,1,roll
16,-1,-1,85,2,1,roll
16,1,1,100,4,1,roll
16,1,1,80,2,1,roll
16,1,-1,50,0.5,0,roll
16,1,1,80,0.9,1,roll
16,-1,-1,65,0.5,1,roll
16,-1,-1,70,0.9,1,roll
16,1,1,80,0.9,1,roll
16,-1,-1,55,0.5,1,roll
16,-1,-1,90,2,1,roll
16,1,1,90,2,1,roll
16,-1,-1,60,0.2,1,roll
16,-1,-1,85,2,1,roll
16,-1,-1,80,0.9,1,roll
16,1,1,75,0.9,1,roll
16,1,1,80,2,1,roll
16,1,1,75,2,1,roll
16,-1,-1,75,0.9,1,roll
16,1,1,60,0.5,1,roll
16,-1,-1,75,2,1,roll
16,1,1,70,0.9,1,roll
16,1,1,70,0.5,1,roll
16,-1,-1,65,0.5,1,roll
16,1,1,60,0.9,1,roll
16,-1,-1,90,2,1,roll
16,-1,-1,85,0.9,1,roll
16,-1,-1,100,4,1,roll
16,1,1,100,7,1,roll
16,1,1,75,2,1,roll
16,-1,-1,50,0.9,1,roll
16,-1,-1,100,2,1,roll
16,-1,-1,100,2,1,roll
16,-1,-1,100,4,1,roll
16,1,1,75,0.9,1,roll
16,1,1,100,4,1,roll
16,-1,-1,65,0.5,1,roll
16,-1,-1,65,0.9,1,roll